CRN,Student,hand,online,MP,MP&LC%,renorm,lab (P/F/x),lab % (0-1),rec. %,hw1,hw2,hw3,hw4,hw5,hw6,HW%,M1,M1%,M2,M2%,F,F%,1,2,grade %,pre-lab,w/ lab,last attendence
1,student001,,117,168.72,1.400588235,1,P,0.888888889,1,21.5,28.5,23,25,25,37.5,0.891666667,23,0.442307692,21.5,0.377192982,30,0.340909091,0.570298839,0.372681974,0.570298839,C,C,
1,student002,,147,173.17,1.569460784,1,P,0.805555556,1,29,30,27,27.5,29,25.5,0.933333333,22,0.423076923,39,0.684210526,50,0.568181818,0.688845643,0.561471929,0.688845643,B,B,
1,student003,,115,145.83,1.278578431,1,P,0.925,1,26.5,27,27,28,23,24,0.863888889,18.5,0.355769231,34,0.596491228,39.5,0.448863636,0.62883023,0.461448218,0.62883023,C+,C+,
1,student004,,107,90.06,0.965980392,0.965980392,P,0.8125,1,28.75,28,20.5,20.5,22,26.5,0.8125,34,0.653846154,35.5,0.622807018,44.5,0.505681818,0.677584651,0.56690248,0.677584651,B,B,
1,student005,,144,154.8,1.464705882,1,P,0.922222222,1,24,30,28,26,23,32,0.905555556,29,0.557692308,42,0.736842105,62.5,0.710227273,0.775537485,0.681168781,0.775537485,B+,B+,
1,student006,,142,174.84,1.553137255,1,P,0.922222222,1,29.5,29.5,28.5,28.5,28,24.5,0.936111111,37,0.711538462,42,0.736842105,46,0.522727273,0.736044964,0.615710201,0.736044964,B,B,
1,student007,,143,128.8,1.332352941,1,P,0.922222222,1,30,29,28.5,29.5,29.5,32,0.991666667,32,0.615384615,38.5,0.675438596,43.5,0.494318182,0.708023734,0.564053608,0.708023734,B,B,
1,student008,,107,170.39,1.359754902,1,P,0.944444444,0.333333333,29,29.5,26,18,25,29,0.869444444,48.5,0.932692308,48,0.842105263,71.5,0.8125,0.848650191,0.84706867,0.848650191,A,A,
1,student009,,138,170.14,1.510490196,1,P,0.888888889,1,24.5,28.5,23,29,20,28,0.85,31.5,0.605769231,42,0.736842105,49.5,0.5625,0.722155589,0.612718001,0.722155589,B,B,
1,student010,,140,192.71,1.630931373,1,P,0.844444444,1,0,22.5,26.5,29,27,20,0.694444444,18,0.346153846,16.5,0.289473684,15.5,0.176136364,0.460880746,0.241525934,0.460880746,D,D,
1,student011,153,0,8.69,0.792598039,0.792598039,p,0.916666667,1,23,18.5,0,0,16,21,0.436111111,33,0.634615385,30,0.526315789,39.5,0.448863636,0.595779531,0.509602998,0.595779531,C,C,
1,student012,,85,112.15,0.966421569,0.966421569,P,0.775,1,21,23,0,30,28,25.5,0.708333333,35,0.673076923,51.5,0.903508772,47,0.534090909,0.718395163,0.651414881,0.718395163,B,B,
1,student013,,142,187.09,1.613186275,1,P,0.933333333,1,23.5,29.5,26.5,27,23,22.5,0.844444444,33.5,0.644230769,45,0.789473684,48.5,0.551136364,0.735731173,0.627620608,0.735731173,B,B,
1,student014,,115,41.03,0.764852941,0.764852941,P,0.766666667,0.5,28,28,26,13,15,24,0.744444444,44.5,0.855769231,48,0.842105263,63.5,0.721590909,0.759834397,0.780366142,0.780366142,B+,B+,
1,student015,,136,122.04,1.264901961,1,P,0.833333333,1,28.5,26,0,26,26,0,0.71,32.5,0.625,40,0.701754386,54.5,0.619318182,0.720107855,0.63965311,0.720107855,B,B,
1,student016,,132,155.41,1.408872549,1,P,0.894444444,1,30,24,25.5,28.5,27,28.5,0.908333333,44.5,0.855769231,44.5,0.780701754,62.5,0.710227273,0.824327971,0.76007722,0.824327971,A-,A-,
1,student017,,142,141.15,1.387990196,1,P,1,1,28,30,26,27,26,29,0.922222222,48,0.923076923,49,0.859649123,57.5,0.653409091,0.838324311,0.763233983,0.838324311,A-,A-,
1,student018,,69,67.64,0.669803922,0.669803922,P,0.75,1,24.5,29,23,17.5,23,25,0.788888889,46,0.884615385,37,0.649122807,63.5,0.721590909,0.753486828,0.742488534,0.753486828,B,B,
1,student019,,96,31.55,0.625245098,0.625245098,P,0.883333333,1,30,30,28.5,28.5,30,28,0.972222222,27,0.519230769,24.5,0.429824561,33.5,0.380681818,0.573677001,0.423995286,0.573677001,C,C,
1,student020,,113,153.29,1.305343137,1,P,0.894444444,1,30,30,20.5,24,26.5,36.5,0.930555556,47,0.903846154,41,0.719298246,50,0.568181818,0.774835296,0.68051584,0.774835296,B+,B+,
1,student021,,99,141.57,1.179264706,1,P,0.95,1,29,30,26,27.5,29.5,35,0.983333333,36,0.692307692,52.5,0.921052632,73.5,0.835227273,0.877666927,0.822051683,0.877666927,A,A,
1,student022,,0,11.84,0.058039216,0.058039216,F,0.833333333,0,0,28.5,0,0,30,28.5,0.483333333,0,0,20,0.350877193,46.5,0.528409091,0.375045349,0.365499632,0.375045349,I/F,I/F,12/7/2016
1,student023,,109,116.9,1.107352941,1,P,0.880555556,1,29,30,22.5,13,17,16,0.708333333,30.5,0.586538462,22.5,0.394736842,34,0.386363636,0.591307457,0.434490105,0.591307457,C,C,
1,student024,,142,179.94,1.578137255,1,P,0.972222222,1,29.5,26,25.5,26.5,21,35,0.908333333,31,0.596153846,31.5,0.552631579,37,0.420454545,0.65753246,0.49150293,0.65753246,B-,B-,
1,student025,,120,104.43,1.100147059,1,P,0.938888889,1,30,26,26,28.5,28,27,0.919444444,40.5,0.778846154,42.5,0.745614035,67.5,0.767045455,0.832968271,0.764822981,0.832968271,A-,A-,
1,student026,,144,140.14,1.392843137,1,P,0.947222222,1,30,29.5,26.5,30,29,36.5,1.008333333,31,0.596153846,36.5,0.640350877,54,0.613636364,0.745803991,0.615766824,0.745803991,B,B,
1,student027,,120,127.36,1.21254902,1,P,0.944444444,1,30,30,23.5,30,29,38.5,1.005555556,24.5,0.471153846,40,0.701754386,58,0.659090909,0.751618053,0.625566235,0.751618053,B,B,
1,student028,,124,0,0.607843137,0.607843137,P,0.805,1,27,29,0,0,0,0,0.311111111,29,0.557692308,33,0.578947368,42,0.477272727,0.559936831,0.519294471,0.559936831,C,C,
1,student029,,114,57.54,0.840882353,0.840882353,P,0.711111111,0.833333333,25.5,21,18,0,29,18.5,0.746666667,32.5,0.625,39.5,0.692982456,36.5,0.414772727,0.614400503,0.527488958,0.614400503,C,C,
1,student030,,130,176.62,1.503039216,1,P,0.944444444,1,28.5,30,27.5,27,29.5,38,1.002777778,40.5,0.778846154,44,0.771929825,59.5,0.676136364,0.813986346,0.721944806,0.813986346,A-,A-,
1,student031,,107,111.29,1.07004902,1,P,0.844444444,1,24,30,22,28.5,25,26,0.863888889,36,0.692307692,42.5,0.745614035,61,0.693181818,0.779135229,0.705079839,0.779135229,B+,B+,
1,student032,,85,46.94,0.646764706,0.646764706,P,0.933333333,0.666666667,28,30,0,0,12,0,0.388888889,40,0.769230769,41,0.719298246,54.5,0.619318182,0.670272742,0.676985717,0.676985717,B,B,
1,student033,,115,136.83,1.234460784,1,P,0.911111111,1,29.5,30,26.5,22,28,26,0.9,34.5,0.663461538,37,0.649122807,50.5,0.573863636,0.728851036,0.611907576,0.728851036,B,B,
1,student034,,135,5.14,0.686960784,0.686960784,P,0.894444444,1,29,28,28.5,29.5,30,29,0.966666667,28,0.538461538,37.5,0.657894737,38,0.431818182,0.635396994,0.5085997,0.635396994,C+,C+,
1,student035,,92,168.36,1.27627451,1,P,0.944444444,1,27.75,25,25.5,24,0,27,0.718055556,36,0.692307692,43.5,0.763157895,52,0.590909091,0.74138802,0.654058492,0.74138802,B,B,
1,student036,,77,143.1,1.078921569,1,F,0.266666667,1,0,26,26.5,0,28,30,0.613888889,36,0.692307692,36.5,0.640350877,41.5,0.471590909,0.603011159,0.561470159,0.603011159,C,I/F,12/7/2016
1,student037,,125,142.12,1.309411765,1,P,0.963888889,1,29,30,29,28,29,36.5,1.008333333,39,0.75,41.5,0.728070175,48,0.545454545,0.759841839,0.634799411,0.759841839,B,B,
1,student038,,149,179.67,1.611127451,1,P,0.955555556,1,30,29,24,22.5,27,27,0.886111111,45.5,0.875,54,0.947368421,68,0.772727273,0.877976475,0.836630475,0.877976475,A,A,
1,student039,27,88,110.35,1.104656863,1,P,0.894444444,1,28.5,30,26.5,29.5,27,28,0.941666667,24,0.461538462,36.5,0.640350877,38,0.431818182,0.650030876,0.486799638,0.650030876,B-,B-,
1,student040,,145,162.26,1.506176471,1,p,0.977777778,1,30,30,29,28.5,30,37,1.025,34,0.653846154,49,0.859649123,70,0.795454545,0.85571116,0.777589819,0.85571116,A,A,
1,student041,,125,76.33,0.986911765,0.986911765,P,0.938888889,1,28.5,30,26.5,27,29,27.5,0.936111111,20.5,0.394230769,33.5,0.587719298,25,0.284090909,0.582915505,0.37957589,0.582915505,C,C,
1,student042,,63,0.26,0.310098039,0.310098039,F,0.561111111,0,20.5,26.5,17.5,0,21,25.5,0.616666667,39.5,0.759615385,41.5,0.728070175,49,0.556818182,0.566826779,0.643137227,0.643137227,C+,I/F,12/7/2016
1,student043,,133,161.9,1.445588235,1,P,0.816666667,1,28.5,29,25,27,24,0,0.741666667,24.5,0.471153846,27.5,0.48245614,37,0.420454545,0.596033922,0.446462444,0.596033922,C,C,
1,student044,,117,95.91,1.043676471,1,P,0.672222222,1,24.5,25,16,27,22,17.5,0.733333333,25.5,0.490384615,34.5,0.605263158,43,0.488636364,0.625925449,0.515953682,0.625925449,C+,C+,
1,student045,,118,149.57,1.311617647,1,P,0.777777778,1,0,0,28,0,0,0,0.155555556,27.5,0.528846154,29,0.50877193,28.5,0.323863636,0.512328319,0.413838439,0.512328319,C,C,
1,student046,,150,164.28,1.540588235,1,P,0.972222222,1,30,29,28,30,16,30,0.905555556,31.5,0.605769231,50,0.877192982,59.5,0.676136364,0.796869837,0.706295476,0.796869837,A-,A-,
1,student047,,124,140.27,1.295441176,1,p,1,1,28,28,29,22,30,28,0.916666667,50,0.961538462,54,0.947368421,77.5,0.880681818,0.936241335,0.91473026,0.936241335,A,A,
1,student048,,113,185.95,1.465441176,1,P,0.883333333,1,20,11,14.5,10,14,21,0.502777778,32.5,0.625,33,0.578947368,39.5,0.448863636,0.626305489,0.519529812,0.626305489,C+,C+,
1,student049,,138,183.63,1.576617647,1,P,0.972222222,1,30,30,29,30,15,31,0.916666667,42,0.807692308,42.5,0.745614035,53.5,0.607954545,0.784668931,0.68581545,0.784668931,B+,B+,
1,student050,,135,172.57,1.507696078,1,P,0.955555556,1,30,30,27.5,27.5,15,37.5,0.930555556,38,0.730769231,42.5,0.745614035,58.5,0.664772727,0.792739056,0.698658376,0.792739056,B+,B+,
1,student051,,109,175.54,1.394803922,1,P,0.927777778,1,29,27,23.5,20.5,25,25,0.833333333,30,0.576923077,33.5,0.587719298,41,0.465909091,0.663875649,0.519637751,0.663875649,B-,B-,
1,student052,,143,147.32,1.423137255,1,P,0.888888889,1,29.5,0,27,25.5,27,27.5,0.91,43,0.826923077,42.5,0.745614035,59,0.670454545,0.800428547,0.723907166,0.800428547,A-,A-,
1,student053,,17,96.89,0.558284314,0.558284314,P,0.75,0.166666667,20.5,29,0,28,0,0,0.430555556,18,0.346153846,24,0.421052632,28.5,0.323863636,0.410650565,0.351435761,0.410650565,F,F,12/7/2016
1,student054,,145,167.65,1.532598039,1,P,0.911111111,1,29,25,28,28.5,27,28.5,0.922222222,36.5,0.701923077,42,0.736842105,55,0.625,0.767898111,0.668561196,0.767898111,B+,B+,
1,student055,,147,153.61,1.473578431,1,P,0.972222222,1,27,30,28,24,29,24,0.9,41,0.788461538,31,0.543859649,60.5,0.6875,0.7776954,0.677651043,0.7776954,B+,B+,
1,student056,,115,155.91,1.327990196,1,P,0.972222222,1,28,29.5,27,27.5,30,27,0.938888889,32.5,0.625,42,0.736842105,50.5,0.573863636,0.7462397,0.623274752,0.7462397,B,B,
1,student057,,100,152.67,1.238578431,1,P,0.969444444,1,28,30,27,29.5,27,36,0.986111111,33.5,0.644230769,36.5,0.640350877,47.5,0.539772727,0.727163257,0.587088772,0.727163257,B,B,
1,student058,,119,161.34,1.374215686,1,P,0.788888889,0.833333333,29,29,28.5,29,28,21.5,0.916666667,28.5,0.548076923,41.5,0.728070175,55,0.625,0.722394287,0.631033946,0.722394287,B,B,
1,student059,,142,143.27,1.398382353,1,P,0.936111111,1,21,28.5,25,27.5,26,0,0.711111111,43.5,0.836538462,51,0.894736842,73,0.829545455,0.864754427,0.846203392,0.864754427,A,A,
1,student060,,99,95.03,0.951127451,0.951127451,P,0.911111111,1,30,30,28.5,28.5,30,28,0.972222222,48,0.923076923,52,0.912280702,64,0.727272727,0.863295177,0.815152459,0.863295177,A,A,
1,student062,,116,157.8,1.342156863,1,P,0.944444444,1,29.5,30,27,28.5,28,27,0.944444444,35.5,0.682692308,56,0.98245614,74.5,0.846590909,0.884967974,0.84012167,0.884967974,A,A,
1,student063,,135,125.61,1.2775,1,P,0.944444444,1,26.75,30,21.5,22.5,20,21.5,0.790277778,36,0.692307692,39,0.684210526,50.5,0.573863636,0.730802228,0.626661547,0.730802228,B,B,
1,student064,,111,135.84,1.21,1,P,0.5,1,22,27,28,29.5,26,25.5,0.877777778,46.5,0.894230769,49.5,0.868421053,55,0.625,0.770925551,0.743304267,0.770925551,B+,B+,
1,student065,,85,108.48,0.948431373,0.948431373,P,0.727777778,1,29,30,27,23,23.5,24,0.869444444,46,0.884615385,36.5,0.640350877,74.5,0.846590909,0.829617117,0.807771935,0.829617117,A-,A-,
1,student066,,99,126.83,1.107009804,1,P,0.477777778,1,24.5,27,0,22.5,19,22,0.638888889,22.5,0.432692308,25,0.438596491,28,0.318181818,0.503723623,0.372395317,0.503723623,C,C,
1,student067,,127,161.43,1.413872549,1,P,0.972222222,1,29.5,28,22.5,26.5,23,28.5,0.877777778,35,0.673076923,44,0.771929825,63,0.715909091,0.802319194,0.718952606,0.802319194,A-,A-,
1,student068,,55,118.46,0.850294118,0.850294118,P,0.861111111,0.666666667,0,22,23.5,28.5,22,23,0.661111111,44,0.846153846,35,0.614035088,66,0.75,0.752113307,0.740812831,0.752113307,B,B,
1,student069,,42,103.59,0.713676471,0.713676471,P,0.777777778,1,0,28,0,0,0,0,0.155555556,22,0.423076923,21.5,0.377192982,32.5,0.369318182,0.46400283,0.383541307,0.46400283,D,D,
1,student070,,142,139.69,1.380833333,1,P,0.825,1,26.75,30,29,19,28,25.5,0.879166667,29,0.557692308,33,0.578947368,45,0.511363636,0.669889891,0.537651114,0.669889891,B-,B-,
1,student071,,120,164.49,1.394558824,1,P,0.927777778,1,29.75,30,27,29,30,26,0.954166667,41,0.788461538,42.5,0.745614035,49.5,0.5625,0.76518078,0.656902055,0.76518078,B+,B+,
1,student072,,130,122.9,1.239705882,1,P,0.944444444,1,29.5,30,25.5,28.5,29.5,27,0.944444444,26.5,0.509615385,35,0.614035088,37.5,0.426136364,0.656584187,0.488761997,0.656584187,B-,B-,
1,student073,,150,132.67,1.385637255,1,P,0.861111111,1,27,27.5,18.5,24.5,27.5,24.5,0.830555556,39.5,0.759615385,41.5,0.728070175,61,0.693181818,0.784933137,0.716563801,0.784933137,B+,B+,
1,student074,,91,100.98,0.941078431,0.941078431,P,0.755555556,1,29,24,26,28,20,25,0.844444444,30.5,0.586538462,35.5,0.622807018,32,0.363636364,0.612782392,0.474883922,0.612782392,C,C,
1,student075,,120,72.68,0.944509804,0.944509804,P,0.944444444,1,27.5,29.5,25,27.5,29.5,26.5,0.919444444,14,0.269230769,30,0.526315789,0,0,0.450171853,0.183587667,0.450171853,D,I/D,11/9/2016
1,student076,,106,130.79,1.160735294,1,P,0.875,1,30,27.5,25.5,26,26,23,0.877777778,37.5,0.721153846,37,0.649122807,51.5,0.585227273,0.735648821,0.631340067,0.735648821,B,B,
1,student077,,97,83.93,0.886911765,0.886911765,P,0.916666667,1,29.5,28,0,19,0,21.5,0.653333333,44,0.846153846,31,0.543859649,43,0.488636364,0.675215928,0.583884233,0.675215928,B,B,12/7/2016
1,student078,,122,137.96,1.274313725,1,P,0.661111111,0.833333333,30,29,0,0,17,0,0.422222222,39,0.75,48.5,0.850877193,54.5,0.619318182,0.706892943,0.702912219,0.706892943,B,B,12/7/2016
1,student079,,125,115.33,1.178088235,1,P,0.894444444,1,30,15,0,23,21,27.5,0.647222222,21.5,0.413461538,29,0.50877193,41.5,0.471590909,0.607558505,0.466756674,0.607558505,C,C,
1,student080,,122,133.21,1.251029412,1,P,0.875,1,29.75,27.5,29,28,28,27.5,0.943055556,34.5,0.663461538,50.5,0.885964912,66,0.75,0.826719523,0.761406104,0.826719523,A-,A-,
1,student081,,103,171.89,1.3475,1,P,0.833333333,1,24.5,23.5,22,19,26,0,0.638888889,47.5,0.913461538,35,0.614035088,51,0.579545455,0.729187625,0.664562158,0.729187625,B,B,
1,student082,,140,152.71,1.434852941,1,P,0.972222222,1,29.5,28.5,25.5,28.5,30,27.5,0.941666667,28.5,0.548076923,36,0.631578947,23.5,0.267045455,0.611803179,0.416021984,0.611803179,C,C,
1,student083,,143,174.64,1.557058824,1,P,0.916666667,1,28.5,30,25,27.5,27,29,0.927777778,33.5,0.644230769,46.5,0.815789474,62,0.704545455,0.80003839,0.716298378,0.80003839,A-,A-,
1,student085,,119,156.7,1.351470588,1,P,0.905555556,1,30,28.5,28,28.5,23.5,30,0.936111111,36.5,0.701923077,38,0.666666667,51,0.579545455,0.742296037,0.627891339,0.742296037,B,B,
1,student086,,129,102.68,1.135686275,1,p,0.877777778,1,26,30,10,28,26,24,0.8,20.5,0.394230769,20.5,0.359649123,34,0.386363636,0.566087034,0.382014241,0.566087034,C,C,
1,student087,,137,150,1.406862745,1,P,0.944444444,1,29,27.5,27,28.5,25,38,0.972222222,21.5,0.413461538,43.5,0.763157895,51.5,0.585227273,0.722989127,0.586649939,0.722989127,B,B,
1,student088,,145,193.94,1.661470588,1,P,0.922222222,1,22,23,29,0,30,27,0.727777778,39.5,0.759615385,39,0.684210526,67,0.761363636,0.798051159,0.74315563,0.798051159,A-,A-,
1,student089,,126,169.6,1.449019608,1,P,0.938888889,1,26,30,28.5,30,29,29,0.958333333,42,0.807692308,38,0.666666667,61,0.693181818,0.803489705,0.713488435,0.803489705,A-,A-,
1,student090,,120,155.85,1.352205882,1,F,0.8,1,24.25,12,20,15,0,0,0.395833333,17,0.326923077,16,0.280701754,0,0,0.360727058,0.140221115,0.360727058,F,F,11/9/2016
1,student091,,67,24.42,0.448137255,0.448137255,P,0.857142857,0.666666667,0,0,25,16,0,0,0.227777778,36.5,0.701923077,22,0.385964912,35,0.397727273,0.489026866,0.465211914,0.489026866,D,D,
1,student092,,68,89.03,0.769754902,0.769754902,F,0.9125,0.833333333,21.5,30,0,0,0,0,0.286111111,20.5,0.394230769,21,0.368421053,0,0,0.352901041,0.175996574,0.352901041,F,F,11/9/2016
1,student093,,105,132.06,1.162058824,1,P,0.777777778,0.833333333,23,27,24.5,20.5,0,25.5,0.669444444,26.5,0.509615385,37,0.649122807,39,0.443181818,0.615313254,0.506037485,0.615313254,C+,C+,
1,student094,,144,140.93,1.396715686,1,P,0.888888889,1,29.5,17,22.5,26.5,24,26.5,0.811111111,35.5,0.682692308,50,0.877192982,63,0.715909091,0.804550975,0.745463039,0.804550975,A-,A-,
1,student095,,1,65.44,0.325686275,0.325686275,F,0.361111111,0,0,0,0,0,0,0,0,31.5,0.605769231,26.5,0.464912281,0,0,0.229281965,0.247080349,0.247080349,F,F,11/9/2016
1,student096,,105,108.98,1.048921569,1,p,0.955555556,1,29.25,25.5,27,28.5,0,26.5,0.759722222,31,0.596153846,40,0.701754386,57,0.647727273,0.742918558,0.648293508,0.742918558,B,B,
1,student097,44,79,181.82,1.494215686,1,P,0.938888889,1,29.5,28.5,29,27.5,24.5,27,0.922222222,46,0.884615385,47.5,0.833333333,54.5,0.619318182,0.810564782,0.729928725,0.810564782,A-,A-,
1,student098,,47,116.75,0.802696078,0.802696078,P,0.916666667,1,25.5,22.5,14.5,21,11,19,0.630555556,37.5,0.721153846,27,0.473684211,44,0.5,0.639217539,0.544962628,0.639217539,C+,C+,
1,student099,,143,170.87,1.538578431,1,P,0.972222222,1,20.5,27.5,23.5,28.5,27,31,0.877777778,38,0.730769231,50.5,0.885964912,73.5,0.835227273,0.869839667,0.822830257,0.869839667,A,A,
1,student100,,119,135.7,1.248529412,1,P,0.861111111,1,22.5,30,23.5,26.5,28,27,0.875,23.5,0.451923077,41,0.719298246,47,0.534090909,0.686226128,0.557869256,0.686226128,B,B,
1,student101,,119,141.61,1.2775,1,P,0.944444444,1,28.5,29.5,27,27,19,29.5,0.891666667,39,0.75,51,0.894736842,57,0.647727273,0.807026183,0.72833088,0.807026183,A-,A-,
1,student102,,118,176.67,1.444460784,1,P,0.961111111,1,29,30,27,25.5,24,27.5,0.905555556,47.5,0.913461538,41,0.719298246,68,0.772727273,0.85203518,0.792874635,0.85203518,A,A,
1,student103,,130,145.44,1.350196078,1,P,1,1,29.5,30,25.5,24,27.5,28,0.913888889,27.5,0.528846154,36,0.631578947,57.5,0.653409091,0.744145836,0.619626072,0.744145836,B,B,
1,student105,,119,143.22,1.285392157,1,P,0.872222222,1,29,30,27.5,28,29.5,23,0.927777778,32.5,0.625,41,0.719298246,46,0.522727273,0.714599282,0.591691204,0.714599282,B,B,
1,student106,,146,179.06,1.593431373,1,P,0.972222222,1,30,27,29,30,30,29,0.972222222,33.5,0.644230769,46.5,0.815789474,62.5,0.710227273,0.812027026,0.719357818,0.812027026,A-,A-,
1,student107,,109,168.05,1.358088235,1,P,0.883333333,1,22,23,23,19.5,27.5,24.5,0.775,35,0.673076923,47,0.824561404,55.5,0.630681818,0.761217719,0.685206747,0.761217719,B,B,
1,student108,,145,180.19,1.594068627,1,P,0.944444444,1,27,27.5,26.5,26.5,29,36.5,0.961111111,38.5,0.740384615,45,0.789473684,78.5,0.892045455,0.88225021,0.833376391,0.88225021,A,A,
1,student109,,146,164.15,1.520343137,1,P,0.93125,1,30,30,27.5,28.5,24,39,0.994444444,24.5,0.471153846,37.5,0.657894737,55.5,0.630681818,0.732665368,0.600147575,0.732665368,B,B,
1,student110,,120,159.82,1.371666667,1,P,0.916666667,1,30,30,29, ,30,27.5,0.813888889,30.5,0.586538462,40.5,0.710526316,52.5,0.596590909,0.72642209,0.6205639,0.72642209,B,B,
1,student111,,120,172.2,1.432352941,1,p,0.927777778,1,29,29.5,26,29.5,30,25.5,0.941666667,27,0.519230769,40,0.701754386,61.5,0.698863636,0.76469449,0.658076994,0.76469449,B,B,
1,student112,,112,135.12,1.211372549,1,p,0.891666667,1,30,25.5,27.5,27.5,26,23.5,0.888888889,16.5,0.317307692,38.5,0.675438596,29.5,0.335227273,0.594297044,0.40960229,0.594297044,C,C,
1,student113,,126,144.03,1.323676471,1,P,0.961111111,1,29,29,0,16,30,0,0.577777778,33,0.634615385,41.5,0.728070175,59.5,0.676136364,0.74493945,0.678539325,0.74493945,B,B,
1,student114,,127,54.19,0.888186275,0.888186275,P,0.611111111,1,30,26.5,0,0,0,0,0.313888889,43,0.826923077,40.5,0.710526316,57.5,0.653409091,0.690629218,0.706631678,0.706631678,B,B,
1,student115,,123,126.98,1.225392157,1,P,0.75,1,24.5,26,27,30,24,30,0.897222222,27.5,0.528846154,24,0.421052632,47,0.534090909,0.644138858,0.506794825,0.644138858,C+,C+,
1,student116,,148,17.51,0.811323529,0.811323529,P,0.611111111,1,29,28.5,18,19,27,20.5,0.788888889,41.5,0.798076923,36.5,0.640350877,45,0.511363636,0.665873796,0.607294527,0.665873796,B-,B-,
1,student117,,34,55.17,0.437107843,0.437107843,F,0.35,0,26,26,10.5,24,0,0,0.480555556,29,0.557692308,33,0.578947368,12,0.136363636,0.344989564,0.335728037,0.344989564,F,F,12/7/2016
1,student118,,105,14.83,0.587401961,0.587401961,P,0.922222222,0.833333333,29.5,0,0,0,0,0,0.163888889,23,0.442307692,25.5,0.447368421,0,0,0.342469391,0.205309872,0.342469391,F,F,11/9/2016
1,student119,124,24,124.89,1.337696078,1,P,0.825,1,28,26,27,20,27,25.5,0.852777778,35.5,0.682692308,46.5,0.815789474,68,0.772727273,0.81300459,0.761887404,0.81300459,A-,A-,
1,student120,,145,142.1,1.407352941,1,P,1,1,27.5,27,21.5,26.5,29,26,0.875,44.5,0.855769231,47,0.824561404,59.5,0.676136364,0.826197322,0.751842034,0.826197322,A-,A-,
1,student121,,136,137.61,1.34122549,1,P,0.888888889,1,26,29,26,28.5,23,33,0.919444444,37.5,0.721153846,46,0.807017544,41.5,0.471590909,0.72511586,0.606588503,0.72511586,B,B,12/7/2016
1,student122,,80,82.09,0.794558824,0.794558824,p,0.972222222,1,29,30,0,0,0,0,0.327777778,46.5,0.894230769,50.5,0.885964912,63.5,0.721590909,0.779042053,0.799363339,0.799363339,A-,A-,
1,student123,,117,132.45,1.222794118,1,P,0.938888889,1,24.5,28.5,28,30,28,28,0.927777778,37.5,0.721153846,46,0.807017544,60,0.681818182,0.804528739,0.719787803,0.804528739,A-,A-,
1,student124,,108,140.73,1.219264706,1,P,0.888888889,1,26,27.5,27.5,20,27,24,0.844444444,41,0.788461538,35.5,0.622807018,46,0.522727273,0.717978162,0.607145891,0.717978162,B,B,
1,student125,,142,130.18,1.334215686,1,P,0.886111111,1,29,29.5,28,28.5,29.5,27,0.952777778,25,0.480769231,41.5,0.728070175,43.5,0.494318182,0.688226163,0.545134269,0.688226163,B,B,
1,student126,,150,184.06,1.63754902,1,P,0.955555556,1,29,30,27,27,30,26.5,0.941666667,30,0.576923077,50.5,0.885964912,75,0.852272727,0.857450875,0.79650562,0.857450875,A,A,
1,student128,,119,124.3,1.192647059,1,P,0.780555556,1,28,18,17,25,0,26.5,0.636111111,30.5,0.586538462,37.5,0.657894737,52,0.590909091,0.685149828,0.60535871,0.685149828,B,B,
1,student129,,142,153.5,1.448529412,1,P,0.85,1,22,28.5,26.5,23,27,27.5,0.858333333,32,0.615384615,45.5,0.798245614,61,0.693181818,0.775491504,0.699474109,0.775491504,B+,B+,
1,student130,,146,168.58,1.542058824,1,P,0.855555556,1,28.5,30,28.5,28,28,27.5,0.947222222,36.5,0.701923077,39.5,0.692982456,62,0.704545455,0.786104517,0.701271906,0.786104517,B+,B+,
1,student131,,113,147.35,1.27622549,1,P,0.9,1,18,27.5,27.5,25.5,21,0,0.663888889,22.5,0.432692308,39.5,0.692982456,41.5,0.471590909,0.640296922,0.513704666,0.640296922,C+,C+,
1,student132,,141,174.34,1.545784314,1,P,0.966666667,1,28,30,28,30,30,28.5,0.969444444,38,0.730769231,52,0.912280702,56,0.636363636,0.812795874,0.721822712,0.812795874,A-,A-,
1,student133,,88,104.01,0.94122549,0.94122549,P,0.722222222,0,0,25,19.5,28.5,0,0,0.405555556,29,0.557692308,26,0.456140351,34.5,0.392045455,0.496191135,0.445062781,0.496191135,C,C,
1,student134,,146,145.63,1.429558824,1,P,0.927777778,1,29,30,22,30,30,40,1.005555556,27,0.519230769,33,0.578947368,34.5,0.392045455,0.645275963,0.464527123,0.645275963,B-,B-,
1,student135,,131,149.05,1.372794118,1,P,0.888888889,1,28.5,28,27,27.5,27.5,0,0.769444444,35.5,0.682692308,44,0.771929825,64.5,0.732954545,0.790560744,0.730349863,0.790560744,B+,B+,
1,student136,,121,78.2,0.976470588,0.976470588,p,0.933333333,1,26,26,11.5,21,26,21,0.730555556,27.5,0.528846154,21,0.368421053,43,0.488636364,0.619648756,0.470173551,0.619648756,C+,C+,
1,student137,,117,131.22,1.216764706,1,P,0.833333333,1,30,30,21,26.5,28,27,0.902777778,33,0.634615385,41,0.719298246,56.5,0.642045455,0.751414065,0.65815839,0.751414065,B,B,
1,student138,,138,62.28,0.981764706,0.981764706,P,0.894444444,1,30,27.5,27,30,28,28.5,0.95,27.5,0.528846154,35,0.614035088,46,0.522727273,0.687007647,0.545210356,0.687007647,B,B,
1,student139,,143,117.07,1.274852941,1,P,0.722222222,1,28,28.5,21.5,24,23,26,0.838888889,13.5,0.259615385,28.5,0.5,28,0.318181818,0.531417055,0.346624529,0.531417055,C,C,
1,student140,,121,138.01,1.269656863,1,P,0.827777778,1,28.5,28,27.5,22.5,30,26.5,0.905555556,29.5,0.567307692,40.5,0.710526316,57,0.647727273,0.74171298,0.643660995,0.74171298,B,B,
1,student141,,145,141.93,1.406519608,1,P,0.888888889,1,29,18,25.5,26.5,28,27,0.855555556,27.5,0.528846154,45,0.789473684,41.5,0.471590909,0.687249238,0.558161221,0.687249238,B,B,
1,student142,,114,145.24,1.270784314,1,P,0.877777778,1,22,29,27,14,26,19,0.761111111,40,0.769230769,47.5,0.833333333,57.5,0.653409091,0.782966686,0.72165815,0.782966686,B+,B+,
1,student143,,20,19.13,0.191813725,0.191813725,F,0.222222222,0,26,22.5,25.5,0,0,0,0.411111111,26.5,0.509615385,28.5,0.5,25.5,0.289772727,0.335377468,0.389019634,0.389019634,F,F,12/7/2016
1,student144,,102,150.04,1.235490196,1,P,0.883333333,1,28.5,28.5,24.5,25.5,25,26,0.877777778,22,0.423076923,39,0.684210526,44.5,0.505681818,0.669192865,0.527818083,0.669192865,B-,B-,
1,student145,,112,160.38,1.335196078,1,P,0.969444444,1,29.75,27.5,29,22.5,27,26.5,0.901388889,39,0.75,47,0.824561404,51,0.579545455,0.776108453,0.675423261,0.776108453,B+,I/B+,
1,student146,,88,127.91,1.058382353,1,P,0.877777778,1,30,30,27.5,21,0,28.5,0.761111111,44,0.846153846,43.5,0.763157895,67.5,0.767045455,0.823751559,0.784404108,0.823751559,A-,A-,
1,student147,,143,119.75,1.287990196,1,P,0.9,1,30,29,29,28,26.5,30,0.958333333,46.5,0.894230769,47.5,0.833333333,70,0.795454545,0.87337704,0.826990317,0.87337704,A,A,
1,student148,,137,127.12,1.294705882,1,p,0.869444444,1,27,30,11.5,25,28,23,0.802777778,43.5,0.836538462,32,0.561403509,53,0.602272727,0.737708972,0.646902692,0.737708972,B,B,
1,student149,,145,174.97,1.568480392,1,P,0.961111111,1,30,30,29,28,30,27.5,0.969444444,35,0.673076923,51,0.894736842,53,0.602272727,0.789023075,0.686103876,0.789023075,B+,B+,
1,student151,,69,88.7,0.773039216,0.773039216,F,0.933333333,0.333333333,0,0,0,0,0,0,0,41,0.788461538,38.5,0.675438596,0,0,0.406888942,0.337823108,0.406888942,F,I/F,11/9/2016
1,student152,,83,139,1.088235294,1,p,0.955555556,0.666666667,28,0,19.5,17.5,0,25.5,0.502777778,36,0.692307692,37.5,0.657894737,31.5,0.357954545,0.606981122,0.504329931,0.606981122,C,C,
1,student153,,86,185.65,1.331617647,1,P,0.866666667,1,29.5,30,25,30,30,31,0.975,45,0.865384615,47,0.824561404,54.5,0.619318182,0.804419933,0.723466564,0.804419933,A-,A-,
1,student154,,111,105.78,1.062647059,1,F,0.861111111,1,30,30,26,26,29,32,0.961111111,45,0.865384615,50,0.877192982,70.5,0.801136364,0.874006589,0.833514411,0.874006589,A,I/F,12/7/2016
1,student155,,142,141.96,1.391960784,1,P,0.947222222,1,30,30,28.5,30,30,28.5,0.983333333,44,0.846153846,55.5,0.973684211,77,0.875,0.922281264,0.891116475,0.922281264,A,A,
1,student156,,139,144.04,1.38745098,1,P,0.872222222,1,28.75,30,27,29.5,27,28.5,0.948611111,30.5,0.586538462,38,0.666666667,56,0.636363636,0.742791375,0.631858526,0.742791375,B,B,
1,student157,,132,161.47,1.438578431,1,p,0.944444444,1,30,30,0,28.5,19,25.5,0.738888889,50,0.961538462,49.5,0.868421053,63.5,0.721590909,0.845384079,0.8108473,0.845384079,A,A,
1,student158,,75,166.51,1.183872549,1,P,0.855555556,1,30,27.5,28,24.5,17,0,0.705555556,38.5,0.740384615,44,0.771929825,44,0.5,0.707958277,0.618226409,0.707958277,B,B,
1,student159,,133,166.65,1.468872549,1,P,0.894444444,1,29,28,27,19,26,35.5,0.913888889,50,0.961538462,50.5,0.885964912,72.5,0.823863636,0.896311112,0.869965814,0.896311112,A,A,
1,student160,,144,150.62,1.444215686,1,P,0.838888889,1,27,30,29,24.5,29.25,29,0.9375,36.5,0.701923077,41.5,0.728070175,57,0.647727273,0.768842422,0.678774667,0.768842422,B+,B+,
1,student161,,125,147.43,1.335441176,1,P,0.861111111,1,21,29,24.5,26.5,27,28,0.866666667,24,0.461538462,29.5,0.51754386,38,0.431818182,0.62077649,0.458459557,0.62077649,C+,C+,
1,student162,,30,31.02,0.299117647,0.299117647,P,0.361111111,0.666666667,26.5,0,0,0,0,0,0.147222222,44,0.846153846,0,0,49,0.556818182,0.435887872,0.495091447,0.495091447,C,C,
1,student163,,140,161.42,1.47754902,1,P,0.85,1,25.5,22.5,19.5,27,30,19.5,0.8,35.5,0.682692308,47.5,0.833333333,69,0.784090909,0.816835664,0.772054868,0.816835664,A-,A-,
1,student164,,103,48.22,0.74127451,0.74127451,P,0.85,1,28.5,26,26,0,28,27,0.752777778,24.5,0.471153846,31.5,0.552631579,52.5,0.596590909,0.646779861,0.557499434,0.646779861,B-,B-,
1,student165,,129,0.7,0.635784314,0.635784314,F,0.322222222,0.833333333,14,0,0,0,0,0,0.077777778,29,0.557692308,21.5,0.377192982,19,0.215909091,0.361046073,0.332001501,0.361046073,F,F,12/7/2016
1,student166,,131,177.47,1.512107843,1,P,0.972222222,1,30,29,24,28,26,29.5,0.925,36,0.692307692,50,0.877192982,74.5,0.846590909,0.871454142,0.818049107,0.871454142,A,A,
1,student167,,124,72.72,0.964313725,0.964313725,P,0.8875,1,0,27.5,25,18.5,0,0,0.394444444,37.5,0.721153846,40.5,0.710526316,56.5,0.642045455,0.71409375,0.676104513,0.71409375,B,B,
1,student168,,125,153.08,1.363137255,1,P,0.938888889,1,0,0,29,27,26,27.5,0.608333333,32,0.615384615,43.5,0.763157895,68,0.772727273,0.781958144,0.734209111,0.781958144,B+,B+,
1,student169,,132,128.71,1.277990196,1,P,0.933333333,1,28,23.5,26.5,26,17,35.5,0.869444444,34,0.653846154,39.5,0.692982456,44.5,0.505681818,0.709290706,0.583096812,0.709290706,B,B,
1,student170,,131,138.29,1.32004902,1,P,0.872222222,1,29,29,28.5,28.5,21,0,0.755555556,23.5,0.451923077,41.5,0.728070175,52,0.590909091,0.696594947,0.590487953,0.696594947,B,B,
1,student171,,24,135.81,0.783382353,0.783382353,P,0.922222222,0.833333333,30,27.5,25.5,0,27.5,28.5,0.772222222,25,0.480769231,31.5,0.552631579,0,0,0.444459468,0.23847711,0.444459468,F,I/F,11/9/2016
1,student172,,146,166.93,1.533970588,1,P,0.833333333,1,22.5,24,20.5,26.5,29.5,21,0.8,32.5,0.625,24,0.421052632,50,0.568181818,0.669104864,0.547340817,0.669104864,B-,B-,
1,student173,,78,77.57,0.762598039,0.762598039,p,0.941666667,0.833333333,23,26.5,25,25,0,0,0.552777778,28.5,0.548076923,24.5,0.429824561,0,0,0.414056138,0.225669573,0.414056138,F,F,11/9/2016
1,student174,,116,126.26,1.18754902,1,P,1.383333333,1,27.75,25.5,28.5,29,24,36.5,0.951388889,32,0.615384615,36,0.631578947,46.5,0.528409091,0.755459938,0.572288794,0.755459938,B,B,
1,student176,,82,125.23,1.015833333,1,P,0.783333333,1,27,28,24.5,23.5,27,30.5,0.891666667,34.5,0.663461538,43,0.754385965,54,0.613636364,0.744949853,0.657615158,0.744949853,B,B,
1,student177,,127,82.02,1.024607843,1,P,0.716666667,1,22,30,23.5,20,24,0,0.663888889,29.5,0.567307692,23.5,0.412280702,24.5,0.278409091,0.532436996,0.375971448,0.532436996,C,C,
1,student178,,136,168.17,1.491029412,1,P,0.916666667,1,25,30,29,26,24,0,0.744444444,24,0.461538462,40,0.701754386,35,0.397727273,0.629809584,0.482613035,0.629809584,C+,C+,
1,student179,,129,84.52,1.046666667,1,P,0.883333333,1,0,28,18.5,28,22,20.5,0.65,31.5,0.605769231,37,0.649122807,50,0.568181818,0.690430775,0.595534526,0.690430775,B,B,
1,student180,,139,130.66,1.321862745,1,P,0.861111111,1,29.5,30,23,18.5,14,12,0.705555556,22.5,0.432692308,31.5,0.552631579,0,0,0.45446525,0.227382435,0.45446525,D,I/D,11/9/2016
1,student181,,118,121.67,1.174852941,1,P,0.805555556,1,28.5,29.5,24.5,28.5,19,23,0.85,41,0.788461538,43,0.754385965,66.5,0.755681818,0.811471317,0.762947326,0.811471317,A-,A-,
1,student182,,139,152.91,1.430931373,1,P,0.855555556,1,28,30,23.5,27.5,23,36.5,0.936111111,21,0.403846154,38,0.666666667,44.5,0.505681818,0.666732226,0.51933163,0.666732226,B-,B-,
1,student183,,136,144.28,1.373921569,1,p,0.922222222,1,29.75,29.5,26,30,28,38.5,1.009722222,23,0.442307692,27.5,0.48245614,39.5,0.448863636,0.639011292,0.455102843,0.639011292,C+,C+,
1,student184,,4,69.36,0.359607843,0.359607843,P,0.911111111,0.666666667,29,26,25,21,11,0,0.622222222,47.5,0.913461538,36.5,0.640350877,57,0.647727273,0.682403859,0.70734832,0.70734832,B,B,
1,student186,,116,127.36,1.192941176,1,p,0.969444444,1,30,30,28.5,28.5,30,27,0.966666667,50,0.961538462,40,0.701754386,61,0.693181818,0.835718675,0.757088559,0.835718675,A-,A-,
1,student187,,94,128.94,1.092843137,1,P,0.771428571,0.833333333,21,0,24,18.5,0,0,0.352777778,25.5,0.490384615,37.5,0.657894737,30.5,0.346590909,0.547636023,0.451613417,0.547636023,C,C,
1,student188,,112,114.19,1.10877451,1,P,0.891666667,0.666666667,29.5,0,0,20,0,15,0.358333333,46.5,0.894230769,46,0.807017544,52,0.590909091,0.720338762,0.710777583,0.720338762,B,B,
1,student189,,136,160.18,1.451862745,1,P,0.822222222,1,21.5,30,24,29,28,36,0.936111111,16.5,0.317307692,42,0.736842105,42.5,0.482954545,0.652989894,0.503317785,0.652989894,B-,B-,
1,student190,,118,113.49,1.134754902,1,P,0.911111111,1,26,26,27,30,29.5,30,0.936111111,30.5,0.586538462,36.5,0.640350877,41.5,0.471590909,0.683812441,0.537061875,0.683812441,B,B,
1,student191,,76,105.72,0.890784314,0.890784314,P,0.877777778,1,21.5,26,7,0,18,24,0.643333333,35,0.673076923,28,0.49122807,46.5,0.528409091,0.650778473,0.55321374,0.650778473,B-,B-,
1,student192,,127,100.06,1.113039216,1,P,0.802777778,0.666666667,29.5,28.5,20.5,29,23,0,0.725,21.5,0.413461538,23,0.403508772,0,0,0.408656658,0.18853161,0.408656658,F,I/F,11/9/2016
1,student193,,144,146.84,1.425686275,1,P,0.883333333,1,29.5,30,26.5,28,30,27,0.95,33,0.634615385,45,0.789473684,58,0.659090909,0.777628512,0.683531044,0.777628512,B+,B+,
1,student194,,123,173,1.450980392,1,P,0.883333333,1,29,28,23,22.5,20,25,0.819444444,41,0.788461538,49,0.859649123,52.5,0.596590909,0.776301195,0.701574488,0.776301195,B+,B+,
1,student195,,103,135.23,1.167794118,1,P,1.60625,1,26.5,19,28,29,30,23,0.863888889,29,0.557692308,46.5,0.815789474,51,0.579545455,0.805877065,0.629020271,0.805877065,A-,A-,
1,student196,,106,134.03,1.176617647,1,P,0.883333333,1,23,25,23.5,0,22,36,0.719444444,38,0.730769231,43,0.754385965,58,0.659090909,0.763732875,0.697623227,0.763732875,B,B,
1,student197,,135,98.72,1.145686275,1,P,0.761111111,1,23,29.5,27,20,29,26.5,0.861111111,41.5,0.798076923,35,0.614035088,48.5,0.551136364,0.716936751,0.622637737,0.716936751,B,B,
1,student198,,133,168.85,1.479656863,1,P,0.9,1,30,24.5,27,28.5,27.5,28.5,0.922222222,35,0.673076923,46,0.807017544,43,0.488636364,0.72525912,0.60467215,0.72525912,B,B,
1,student199,,148,176.77,1.592009804,1,P,0.885,1,29,27,24,28.5,16,28.5,0.85,14,0.269230769,33.5,0.587719298,35.5,0.403409091,0.593235692,0.414977988,0.593235692,C,C,
1,student200,,99,135.21,1.148088235,1,P,0.866666667,1,24,28,23.5,28,26,25,0.858333333,31,0.596153846,45,0.789473684,47,0.534090909,0.717275948,0.607347612,0.717275948,B,B,
1,student201,,146,193.1,1.662254902,1,P,0.966666667,1,30,30,29,30,30,41,1.055555556,47,0.903846154,56,0.98245614,75,0.852272727,0.933463021,0.894216613,0.933463021,A,A,
1,student202,,110,138.33,1.217303922,1,P,0.933333333,1,29,30,29,27,23,33,0.95,28,0.538461538,34,0.596491228,50.5,0.573863636,0.709428521,0.570915673,0.709428521,B,B,
1,student203,,116,142.73,1.268284314,1,p,0.961111111,1,28,25.5,16.5,22,17,33.5,0.791666667,24.5,0.471153846,33.5,0.587719298,30,0.340909091,0.603426931,0.427921775,0.603426931,C,C,
1,student204,,45,0,0.220588235,0.220588235,P,0.427777778,0.666666667,26.5,26.5,0,0,0,0,0.294444444,48,0.923076923,31,0.543859649,57,0.647727273,0.57435941,0.687300048,0.687300048,B,B,
1,student205,,87,107.51,0.953480392,0.953480392,P,0.75,0.666666667,27.5,13.5,22,10,0,0,0.405555556,33.5,0.644230769,35,0.614035088,52.5,0.596590909,0.641783625,0.611610303,0.641783625,C+,C+,
1,student206,,24,165.69,0.929852941,0.929852941,P,0.888888889,0.833333333,30,29,26.5,0,28,29,0.791666667,37,0.711538462,39.5,0.692982456,44,0.5,0.688385654,0.593350981,0.688385654,B,B,
1,student207,,98,85.62,0.900098039,0.900098039,p,0.938888889,1,30,28,28.5,30,27,27,0.947222222,42.5,0.817307692,34,0.596491228,72,0.818181818,0.827054389,0.76682073,0.827054389,A-,A-,
1,student208,,148,167.54,1.546764706,1,P,1,1,30,30,28.5,26,29,24,0.930555556,39.5,0.759615385,51.5,0.903508772,72.5,0.823863636,0.880876452,0.827416763,0.880876452,A,A,
1,student209,,107,151.79,1.268578431,1,P,0.833333333,1,19,25.5,16,23,21,27.5,0.733333333,33.5,0.644230769,27,0.473684211,41,0.465909091,0.637422095,0.508854506,0.637422095,C+,C+,
1,student210,,143,186.63,1.615833333,1,P,0.975,1,30,28.5,29,28,30,28,0.963888889,37,0.711538462,46,0.807017544,68,0.772727273,0.842126835,0.766519917,0.842126835,A-,A-,
1,student211,,147,80.95,1.117401961,1,P,0.783333333,1,28,30,28,27.5,25,0,0.769444444,31,0.596153846,38.5,0.675438596,40.5,0.460227273,0.65709619,0.541259095,0.65709619,B-,B-,
1,student213,,113,115.07,1.117990196,1,P,0.866666667,1,29.5,30,27.5,28.5,29,24.5,0.938888889,21,0.403846154,39,0.684210526,48,0.545454545,0.684673148,0.544796297,0.684673148,B,B,
1,student214,,144,146.08,1.421960784,1,P,0.883333333,1,29,29.5,26,29,27,22,0.902777778,40,0.769230769,39.5,0.692982456,59,0.670454545,0.782602186,0.698447807,0.782602186,B+,B+,
1,student215,,69,130.48,0.977843137,0.977843137,P,0.755555556,0.833333333,28,27,29,22,0,0,0.706666667,30.5,0.586538462,32.5,0.570175439,28,0.318181818,0.570543924,0.438262648,0.570543924,C,C,
1,student216,,91,179.63,1.326617647,1,P,0.938888889,1,29.75,26.5,28,30,30,32.5,0.981944444,18.5,0.355769231,36.5,0.640350877,46.5,0.528409091,0.676444531,0.514401843,0.676444531,B,B,
1,student217,,98,145.76,1.194901961,1,P,0.835714286,1,30,29,24,0,0,21.5,0.696666667,40,0.769230769,41,0.719298246,61.5,0.698863636,0.77111972,0.719817885,0.77111972,B+,B+,
1,student218,,65,66.71,0.645637255,0.645637255,P,0.472222222,1,19,19,0,18,0,0,0.311111111,18.5,0.355769231,29.5,0.51754386,30.5,0.346590909,0.445200841,0.388159664,0.445200841,D,D,
1,student219,,116,141.38,1.261666667,1,P,0.866666667,1,26,30,24.5,25.5,29.5,25,0.891666667,26,0.5,36.5,0.640350877,44,0.5,0.671885965,0.532388664,0.671885965,B-,B-,
1,student220,,103,35.02,0.676568627,0.676568627,P,0.777777778,1,22,30,26.5,24,24,20.5,0.816666667,32.5,0.625,35.5,0.622807018,50,0.568181818,0.663135996,0.593899522,0.663135996,B-,B-,
1,student221,,125,107,1.137254902,1,p,0.877777778,1,28,26,23,27.5,24,30,0.880555556,32,0.615384615,34,0.596491228,39.5,0.448863636,0.664716983,0.52135946,0.664716983,B-,B-,
1,student222,,109,108.29,1.065147059,1,P,0.861111111,1,27,26,27,26.5,14,22,0.791666667,36,0.692307692,39,0.684210526,57.5,0.653409091,0.750448692,0.669493715,0.750448692,B,B,
1,student223,,91,111.85,0.994362745,0.994362745,P,0.866666667,1,26.25,28,22.5,28.5,29,25.5,0.8875,47.5,0.913461538,46,0.807017544,63,0.715909091,0.833492985,0.782523145,0.833492985,A-,A-,
1,student224,,97,10.7,0.527941176,0.527941176,P,0.233333333,0.5,0,0,0,0,0,0,0,23,0.442307692,21,0.368421053,18.5,0.210227273,0.296316308,0.30029055,0.30029055,F,F,12/7/2016
1,student225,,74,137.7,1.037745098,1,P,0.905555556,1,30,29.5,27,25,27,26.5,0.916666667,29,0.557692308,28,0.49122807,45,0.511363636,0.668537552,0.517408199,0.668537552,B-,B-,
1,student226,,146,162.12,1.510392157,1,P,0.922222222,1,29,29,25,22.5,21,29,0.863888889,44.5,0.855769231,38.5,0.675438596,64,0.727272727,0.81283774,0.744964044,0.81283774,A-,A-,
1,student228,,125,79.87,1.004264706,1,P,0.688888889,1,21.5,0,22.5,0,23,0,0.372222222,21.5,0.413461538,22.5,0.394736842,0,0,0.377340868,0.186507319,0.377340868,F,F,11/9/2016
1,student229,,127,159.1,1.40245098,1,P,0.894444444,1,28,25.5,29,25.5,24,24,0.866666667,29,0.557692308,36.5,0.640350877,50,0.568181818,0.704681225,0.58241556,0.704681225,B,B,
1,student230,,147,162.98,1.519509804,1,P,0.916666667,1,25.5,28.5,26,28.5,27,26.5,0.9,47,0.903846154,32.5,0.570175439,57,0.647727273,0.779474451,0.688935053,0.779474451,B+,B+,
1,student231,,130,141.38,1.330294118,1,P,0.772222222,1,28.75,0,24.5,0,30,24.5,0.598611111,36.5,0.701923077,36.5,0.640350877,45,0.511363636,0.667401699,0.585105178,0.667401699,B-,B-,
1,student232,,17,166.27,0.898382353,0.898382353,P,0.822222222,1,0,24,22,0,30,23,0.55,22,0.423076923,26,0.456140351,28.5,0.323863636,0.522295321,0.377284406,0.522295321,C,C,
1,student233,,141,84.02,1.103039216,1,p,0.913888889,1,20.5,23.5,21,0,0,0,0.361111111,34,0.653846154,39.5,0.692982456,52,0.590909091,0.686342473,0.62898842,0.686342473,B,B,
1,student234,,145,176.17,1.574362745,1,P,0.911111111,1,29,28.5,29,27.5,24,38.5,0.980555556,22,0.423076923,41,0.719298246,51,0.579545455,0.713363851,0.575687976,0.713363851,B,B,
1,student235,,109,177.43,1.404068627,1,P,0.955555556,1,29.5,28.5,22.5,27.5,29.5,28.5,0.922222222,35,0.673076923,40.5,0.710526316,55,0.625,0.764068264,0.655831517,0.764068264,B,B,
1,student236,,123,133.28,1.25627451,1,P,0.933333333,1,29.75,27,28.5,30,28,26,0.940277778,33.5,0.644230769,47,0.824561404,55,0.625,0.776429937,0.675490501,0.776429937,B+,B+,
1,student237,,98,163.7,1.282843137,1,P,0.883333333,1,29.5,29.5,23.5,24,29,28.5,0.911111111,20,0.384615385,29.5,0.51754386,34,0.386363636,0.599995604,0.416232553,0.599995604,C,C,
1,student238,,123,177.78,1.474411765,1,P,0.844444444,1,26.5,25.5,28,25.5,20,30.5,0.866666667,22.5,0.432692308,28,0.49122807,36,0.409090909,0.602880986,0.433492115,0.602880986,C,C,
1,student239,,119,179.88,1.465098039,1,P,0.838888889,1,29.5,24,24,13.5,0,25,0.644444444,30,0.576923077,0,0,45,0.511363636,0.563849068,0.408485745,0.563849068,C,C,
1,student240,,148,179.44,1.605098039,1,P,0.9,1,30,30,30,28.5,30,28.5,0.983333333,41.5,0.798076923,43.5,0.763157895,60,0.681818182,0.81115492,0.727417825,0.81115492,A-,A-,
1,student241,,70,123.21,0.947107843,0.947107843,P,0.866666667,1,21,26.5,26.5,29.5,17,24,0.802777778,25,0.480769231,34,0.596491228,49,0.556818182,0.668130661,0.548423742,0.668130661,B-,B-,
1,student242,,105,149.06,1.245392157,1,P,0.894444444,1,29.5,29,28,29,30,30,0.975,32,0.615384615,35.5,0.622807018,50.5,0.573863636,0.723525462,0.594740027,0.723525462,B,B,
1,student244,,17,55.9,0.357352941,0.357352941,P,0.844444444,0.333333333,24.5,0,0,0,0,0,0.136111111,31.5,0.605769231,30,0.526315789,49.5,0.5625,0.517145269,0.564135005,0.564135005,C,C,
1,student245,,107,70.32,0.869215686,0.869215686,P,0.563888889,1,0,0,0,0,0,0,0,36,0.692307692,21,0.368421053,36,0.409090909,0.495601587,0.465063277,0.495601587,C,C,
1,student246,,141,153.6,1.444117647,1,P,0.872222222,1,30,28,26.5,27.5,24,25,0.894444444,33.5,0.644230769,40,0.701754386,41.5,0.471590909,0.693621258,0.564545525,0.693621258,B,B,
1,student247,,68,90.39,0.776421569,0.776421569,F,0.666666667,0.166666667,29,28.5,0,0,0,0,0.319444444,33,0.634615385,23.5,0.412280702,0,0,0.341621014,0.241591405,0.341621014,F,F,11/9/2016
1,student248,,89,58.86,0.724803922,0.724803922,P,0.675,1,0,28.5,21.5,20,0,14,0.466666667,23.5,0.451923077,33,0.578947368,31,0.352272727,0.51457308,0.427578494,0.51457308,C,C,
1,student249,,133,165.45,1.462990196,1,P,0.861111111,1,28,28,22.5,28.5,17,0,0.688888889,27,0.519230769,25,0.438596491,32,0.363636364,0.575946816,0.416841256,0.575946816,C,C,
1,student250,,120,141.23,1.280539216,1,P,0.938888889,1,30,30,28,29.5,30,29,0.980555556,16,0.307692308,35,0.614035088,33,0.375,0.611453554,0.414629399,0.611453554,C,C,
1,student251,,140,138.02,1.362843137,1,P,0.911111111,1,25.5,28.5,28,30,29.5,33,0.969444444,40,0.769230769,41,0.719298246,59.5,0.676136364,0.797982635,0.707580122,0.797982635,A-,A-,
1,student252,,90,142.96,1.141960784,1,p,0.913888889,0.833333333,28.5,30,25.5,28,22.5,37,0.952777778,37.5,0.721153846,0,0.717714904,48.5,0.551136364,0.737061373,0.628812369,0.737061373,B,B,
1,student253,,131,112.8,1.195098039,1,P,0.794444444,1,29.5,29.5,28.5,12,29,27,0.863888889,31.5,0.605769231,29.5,0.51754386,52,0.590909091,0.691148479,0.577407916,0.691148479,B,B,
1,student254,,127,131.73,1.268284314,1,p,0.980555556,1,30,29,28,30,28,28,0.961111111,39.5,0.759615385,41.5,0.728070175,72,0.818181818,0.853683137,0.783871493,0.853683137,A,A,
1,student255,,148,159.25,1.506127451,1,P,0.944444444,1,30,28.5,26,27,30,34,0.975,26.5,0.509615385,36.5,0.640350877,49,0.556818182,0.709325747,0.565202004,0.709325747,B,B,
1,student256,,142,176.4,1.560784314,1,P,0.827777778,1,0,29.5,24.5,28.5,29,24.5,0.906666667,24.5,0.471153846,49.5,0.868421053,47,0.534090909,0.711312497,0.596720082,0.711312497,B,B,
1,student258,,80,116.97,0.965539216,0.965539216,P,0.716666667,1,19.5,28,23,17,20,0,0.597222222,21.5,0.413461538,25,0.438596491,0,0,0.405751515,0.196628776,0.405751515,F,F,11/9/2016
1,student260,,125,90.17,1.054754902,1,P,0.916666667,1,29,25.5,25,27,0,31,0.763888889,38,0.730769231,44,0.771929825,49,0.556818182,0.738346777,0.64660188,0.738346777,B,B,
1,student261,,122,97.53,1.076127451,1,P,0.888888889,1,22,24,22,27,25,25.5,0.808333333,44.5,0.855769231,43,0.754385965,46.5,0.528409091,0.746188683,0.656102248,0.746188683,B,B,
1,student262,,145,135.42,1.374607843,1,P,0.877777778,1,28,26,29,27,29,24,0.905555556,36,0.692307692,47.5,0.833333333,56,0.636363636,0.77990676,0.694728349,0.77990676,B+,B+,
1,student263,,109,128.32,1.163333333,1,P,0.8,1,26,27.5,26.5,0,19,35,0.744444444,23.5,0.451923077,28,0.49122807,28.5,0.323863636,0.559269389,0.392038377,0.559269389,C,C,
1,student264,,135,142.47,1.360147059,1,P,0.927777778,1,29.75,30,29,28,27,28,0.954166667,31.5,0.605769231,44.5,0.780701754,50,0.568181818,0.745028729,0.625898899,0.745028729,B,B,
1,student265,,94,129.7,1.096568627,1,p,0.908333333,1,30,29,22.5,30,28,0,0.775,26.5,0.509615385,39,0.684210526,39,0.443181818,0.652520856,0.514134651,0.652520856,B-,B-,
1,student266,,137,120.37,1.261617647,1,P,0.811111111,1,23.5,25.5,21,26,27,25,0.822222222,31,0.596153846,28.5,0.5,43.5,0.494318182,0.650767774,0.519129909,0.650767774,B-,B-,
1,student267,,134,135.75,1.322303922,1,P,0.944444444,1,29.75,26,0,29.5,28,35,0.823611111,25.5,0.490384615,44.5,0.780701754,58,0.659090909,0.748150329,0.648222729,0.748150329,B,B,
1,student268,,120,110.67,1.130735294,1,P,0.827777778,1,26,27.5,25,28.5,30,25.5,0.902777778,34.5,0.663461538,48.5,0.850877193,55,0.625,0.768956365,0.686001246,0.768956365,B+,B+,
1,student269,,124,151.46,1.350294118,1,P,0.894444444,1,30,0,26,0,15,29.5,0.558333333,33,0.634615385,31,0.543859649,31.5,0.357954545,0.597333124,0.464700532,0.597333124,C,C,
1,student270,,89,146.85,1.156127451,1,p,0.955555556,1,30,29.5,26.5,30,29,0,0.805555556,34.5,0.663461538,39,0.684210526,53.5,0.607954545,0.741046012,0.638361386,0.741046012,B,B,
1,student271,,98,37.23,0.662892157,0.662892157,p,0.963888889,0.666666667,25,25.5,14,13.5,15,34.5,0.708333333,23,0.442307692,34.5,0.605263158,41.5,0.471590909,0.589037217,0.495680686,0.589037217,C,C,
1,student272,,120,177.55,1.458578431,1,F,0.727777778,1,30,30,29,26,0,0,0.638888889,32.5,0.625,39,0.684210526,0,0,0.483048246,0.302125506,0.483048246,D,I/F,11/9/2016
1,student273,,0,49.86,0.244411765,0.244411765,P,0.866666667,0.833333333,21.75,27,0,0,0,0,0.270833333,31.5,0.605769231,32.5,0.570175439,44.5,0.505681818,0.53323818,0.543662057,0.543662057,C,C,
1,student274,,129,176.09,1.495539216,1,P,0.927777778,1,29.5,30,27,29.5,29.5,26.5,0.955555556,38.5,0.740384615,47.5,0.833333333,61.5,0.698863636,0.818993298,0.739476869,0.818993298,A-,A-,
1,student275,,112,155.44,1.310980392,1,P,0.916666667,0.607026745,29.5,28.5,21,30,28,29.5,0.925,31.5,0.605769231,33,0.578947368,56,0.636363636,0.714952767,0.616053481,0.714952767,B,B,
1,student276,,83,149.91,1.141715686,1,P,0.905555556,1,29,30,29,29.5,29.5,28,0.972222222,46,0.884615385,53,0.929824561,68.5,0.778409091,0.882386951,0.837860267,0.882386951,A,A,
1,student277,,143,183.19,1.598970588,1,P,0.955555556,1,24,30,29,29.5,29.5,27.5,0.941666667,44.5,0.855769231,52.5,0.921052632,72.5,0.823863636,0.894597774,0.853654696,0.894597774,A,A,
1,student278,,92,124.6,1.061764706,1,P,1,1,28.5,26,24,25.5,26,28.5,0.880555556,21.5,0.413461538,19.5,0.342105263,44,0.5,0.626390576,0.443592339,0.626390576,C+,C+,
1,student279,,140,176.52,1.551568627,1,P,0.877777778,1,29,30,27,28,30,26.5,0.947222222,47.5,0.913461538,50,0.877192982,67.5,0.767045455,0.869564087,0.826252442,0.869564087,A,A,
1,student280,,31,113.11,0.706421569,0.706421569,P,0.833333333,0.666666667,28.5,29,24.5,15,18,0,0.638888889,33.5,0.644230769,31,0.543859649,35,0.397727273,0.568615821,0.488335551,0.568615821,C,C,
1,student281,,117,143.07,1.274852941,1,P,0.916666667,1,23.5,29,20,29,27,21.5,0.833333333,23,0.442307692,33.5,0.587719298,33.5,0.380681818,0.612742685,0.442681054,0.612742685,C,C,
1,student282,,80,83.05,0.799264706,0.799264706,P,0.8625,1,30,30,24.5,23,29,0,0.758333333,22.5,0.432692308,25.5,0.447368421,38,0.431818182,0.575155277,0.43560842,0.575155277,C,C,
1,student283,,131,102.07,1.1425,1,P,1.521428571,0.833333333,29,30,28,21.5,23,27.5,0.883333333,40.5,0.778846154,41,0.719298246,59,0.670454545,0.841523608,0.706739617,0.841523608,A-,A-,
1,student284,,113,162.9,1.35245098,1,P,0.844444444,1,28.5,27.5,23.5,24,27,28.5,0.883333333,43.5,0.836538462,36,0.631578947,60.5,0.6875,0.783620389,0.708988633,0.783620389,B+,B+,
1,student285,,115,166.47,1.379754902,1,x,0,1,26.5,29.5,25.5,26.5,27,0,0.75,39,0.75,42,0.736842105,65,0.738636364,0.780651914,0.740844682,0.780651914,B+,B+,
1,student286,,135,117.88,1.239607843,1,P,0.963888889,1,30,30,28,29.5,27,25,0.941666667,45,0.865384615,54.5,0.956140351,78.5,0.892045455,0.92600021,0.900684083,0.92600021,A,A,
1,student287,,133,123.75,1.258578431,1,P,0.883333333,1,30,27,24.5,30,30,28.5,0.944444444,22,0.423076923,32.5,0.570175439,42.5,0.482954545,0.650799723,0.489264531,0.650799723,B-,B-,
1,student288,,129,160.12,1.417254902,1,P,0.941666667,1,29,28.5,24.5,26,29,28,0.916666667,39,0.75,44,0.771929825,63.5,0.721590909,0.816679625,0.739763526,0.816679625,A-,A-,
1,student289,,146,174.15,1.569362745,1,P,0.9,1,27,28.5,23,28,30,30,0.925,46,0.884615385,48,0.842105263,59,0.670454545,0.826167188,0.759487982,0.826167188,A-,A-,
1,student290,,86,143.81,1.126519608,1,P,0.866666667,1,28,28.5,25,28,24,20.5,0.855555556,29,0.557692308,35,0.614035088,56.5,0.642045455,0.722697241,0.616115413,0.722697241,B,B,
1,student291,,134,120.69,1.248480392,1,P,0.883333333,1,28.5,28.5,24,30,28.5,31,0.947222222,23,0.442307692,35,0.614035088,35,0.397727273,0.630711518,0.45793225,0.630711518,C+,C+,
1,student292,,121,180.09,1.475931373,1,P,0.866666667,1,27,28,25.5,29,22,26.5,0.877777778,40.5,0.778846154,37.5,0.657894737,57.5,0.653409091,0.76864876,0.683391254,0.76864876,B+,B+,
1,student293,,140,109.77,1.224362745,1,P,0.833333333,0.666666667,26,23,0,0,22,20,0.505555556,26.5,0.509615385,29.5,0.51754386,36,0.409090909,0.564477927,0.457316469,0.564477927,C,C,
1,student294,,143,172.51,1.546617647,1,P,0.955555556,1,29.75,30,30,30,29.5,28.5,0.9875,42.5,0.817307692,55,0.964912281,73.5,0.835227273,0.903968097,0.861019294,0.903968097,A,A,
1,student295,,131,2.49,0.654362745,0.654362745,P,0.9125,1,30,18.5,18,0,27.5,0,0.522222222,24.5,0.471153846,36.5,0.640350877,41.5,0.471590909,0.590691023,0.510434656,0.590691023,C,C,
1,student296,,119,119.88,1.170980392,1,P,0.7,1,28.5,30,26.5,24.5,28,0,0.763888889,50.5,0.971153846,47,0.824561404,71.5,0.8125,0.850121176,0.851895827,0.851895827,A,A,
1,student297,,116,151.77,1.312598039,1,P,0.922222222,1,30,30,28,28,26,39,1.005555556,31.5,0.605769231,43.5,0.763157895,52,0.590909091,0.754935028,0.634088078,0.754935028,B,B,
1,student298,,119,91.9,1.033823529,1,P,0.844444444,1,30,28.5,29,0,26.5,24.5,0.769444444,46.5,0.894230769,52,0.912280702,75.5,0.857954545,0.8826497,0.878862787,0.8826497,A,A,
1,student300,,134,155.49,1.419068627,1,P,0.927777778,1,29.5,28,27.5,28.5,23,21.5,0.877777778,28.5,0.548076923,43.5,0.763157895,58,0.659090909,0.757922596,0.657487755,0.757922596,B,B,
1,student301,,138,173.71,1.527990196,1,P,0.938888889,1,29,30,29,28.5,29,29,0.969444444,39.5,0.759615385,53.5,0.938596491,68,0.772727273,0.86601966,0.807978964,0.86601966,A,A,
1,student302,37,0,0,0.181372549,0.181372549,P,0.55,1,22,30,0,0,0,0,0.288888889,32,0.615384615,32.5,0.570175439,51,0.579545455,0.532701061,0.585653719,0.585653719,C,C,
1,student303,,122,144.99,1.30877451,1,P,0.927777778,1,29.75,30,24,29.5,30,26.5,0.943055556,49,0.942307692,46.5,0.815789474,63.5,0.721590909,0.853354726,0.794263682,0.853354726,A,A,
1,student304,,124,116.32,1.178039216,1,P,0.827777778,1,29,30,25,26.5,28.5,27,0.922222222,18,0.346153846,34.5,0.605263158,42.5,0.482954545,0.636746642,0.479610218,0.636746642,C+,C+,
1,student305,,115,151.22,1.305,1,P,0.911111111,1,29.75,28,28,27,9,28.5,0.834722222,46.5,0.894230769,45.5,0.798245614,68,0.772727273,0.848909336,0.806655389,0.848909336,A,A,
1,student306,,122,162.13,1.392794118,1,P,1,1,30,29,27,30,26,28.5,0.947222222,40.5,0.778846154,52,0.912280702,72,0.818181818,0.884754887,0.830819484,0.884754887,A,A,
1,student307,,113,128.35,1.183088235,1,P,0.805555556,1,29,16.5,18.5,0,0,18.5,0.458333333,22.5,0.432692308,34,0.596491228,54.5,0.619318182,0.647527783,0.570982914,0.647527783,B-,B-,
1,student309,,52,108.12,0.784901961,0.784901961,P,0.771428571,1,21.5,0,0,18.5,0,0,0.222222222,26.5,0.509615385,30,0.526315789,34.5,0.392045455,0.520460861,0.450162439,0.520460861,C,C,
1,student310,,122,131.04,1.240392157,1,P,0.94375,1,28.5,30,25.5,28,25,27,0.911111111,43.5,0.836538462,50.5,0.885964912,63.5,0.721590909,0.846418435,0.78604973,0.846418435,A,A,
1,student311,,126,129.22,1.251078431,1,P,0.911111111,1,28,27.5,28,30,26,26,0.919444444,36,0.692307692,40,0.701754386,53,0.602272727,0.752960322,0.646007333,0.752960322,B,B,
1,student312,,132,146.13,1.363382353,1,P,0.894444444,1,27,29,26.5,20.5,21,29.5,0.852777778,36.5,0.701923077,33,0.578947368,33,0.375,0.648102789,0.497508564,0.648102789,B-,B-,
1,student313,,102,128.02,1.12754902,1,P,0.7,1,22.5,29,21.5,26.5,0,26,0.697222222,23,0.442307692,33,0.578947368,41,0.465909091,0.605978663,0.486548371,0.605978663,C,C,
1,student314,,146,189.81,1.646127451,1,P,0.983333333,1,29,30,26,30,29.5,31,0.975,40,0.769230769,40.5,0.710526316,56.5,0.642045455,0.792512805,0.687199187,0.792512805,B+,B+,
1,student315,,119,148.51,1.311323529,1,P,0.944444444,1,29,30,26.5,27.5,30,29,0.955555556,34.5,0.663461538,39.5,0.692982456,49.5,0.5625,0.740341599,0.615910153,0.740341599,B,B,
1,student316,,120,168.57,1.414558824,1,P,0.927777778,1,27.5,29,24.5,25.5,28.5,39,0.966666667,37.5,0.721153846,35.5,0.622807018,46,0.522727273,0.723993119,0.591613346,0.723993119,B,B,
1,student317,,145,131.1,1.353431373,1,P,0.677777778,1,27.5,27,27,26.5,26,28,0.9,37,0.711538462,46.5,0.815789474,65,0.738636364,0.795399695,0.750187565,0.795399695,A-,A-,
1,student318,,140,109.87,1.224852941,1,p,0.922222222,1,19,26,28,28.5,30,0,0.730555556,38.5,0.740384615,26,0.456140351,31,0.352272727,0.618051977,0.465806461,0.618051977,C+,C+,
1,student319,,42,106.3,0.726960784,0.726960784,P,0.722222222,1,0,27,0,10,19,22.5,0.436111111,42.5,0.817307692,31,0.543859649,57.5,0.653409091,0.671397695,0.665951205,0.671397695,B-,B-,
1,student320,,129,152.73,1.381029412,1,P,0.819444444,1,30,27,27,29.5,27,25,0.919444444,34,0.653846154,39,0.684210526,58.5,0.664772727,0.757267845,0.666736856,0.757267845,B,B,
1,student321,,127,136.34,1.290882353,1,P,0.966666667,1,30,29,24,28,28.5,26.5,0.922222222,43.5,0.836538462,47.5,0.833333333,71,0.806818182,0.871756022,0.819795589,0.871756022,A,A,
1,student322,,115,162.69,1.36122549,1,p,0.988888889,1,29,30,24.5,25,27,38.5,0.966666667,47,0.903846154,43.5,0.763157895,54,0.613636364,0.81037889,0.715112822,0.81037889,A-,A-,
1,student323,,103,146.49,1.222990196,1,P,0.816666667,1,26.5,30,26,30,29,25.5,0.927777778,45.5,0.875,47.5,0.833333333,52.5,0.596590909,0.789501263,0.715472028,0.789501263,B+,B+,
1,student324,,66,43.71,0.537794118,0.537794118,P,0.75,1,15.5,30,0,0,27,13,0.475,47.5,0.913461538,25,0.438596491,32,0.363636364,0.556360843,0.507817587,0.556360843,C,C,
1,student325,,126,182.93,1.514362745,1,P,0.972222222,1,25,30,23,30,29,0,0.761111111,43,0.826923077,43.5,0.763157895,60.5,0.6875,0.802470479,0.73713407,0.802470479,A-,A-,
1,student326,,102,117,1.073529412,1,P,0.916666667,1,8,30,20.5,27,26,31,0.791666667,48,0.923076923,52.5,0.921052632,71.5,0.8125,0.881827767,0.863068359,0.881827767,A,A,
1,student327,136,0,155.47,1.42877451,1,P,0.7375,1,21,26,20,22,24,0,0.627777778,30.5,0.586538462,25,0.438596491,33.5,0.380681818,0.573536657,0.441552122,0.573536657,C,C,
1,student328,,123,131.88,1.249411765,1,P,0.866666667,0,18,23,27.5,25.5,29,14,0.761111111,23,0.442307692,44.5,0.780701754,41,0.465909091,0.609297377,0.533107075,0.609297377,C,C,
1,student329,,138,159.39,1.457794118,1,P,0.916666667,1,27,29.5,27.5,28,21,27.5,0.891666667,33.5,0.644230769,44.5,0.780701754,41.5,0.471590909,0.70963003,0.582764149,0.70963003,B,B,
1,student330,,25,75.65,0.493382353,0.493382353,P,0.861111111,0.833333333,29,29,22.5,24,23,21.5,0.827777778,18.5,0.355769231,24.5,0.429824561,33.5,0.380681818,0.510971496,0.386273393,0.510971496,C,C,
1,student330,,25,75.65,0.493382353,0.493382353,P,0.861111111,0.833333333,29,29,22.5,24,23,21.5,0.827777778,18.5,0.355769231,24.5,0.429824561,33.5,0.380681818,0.510971496,0.386273393,0.510971496,C,C,
1,student332,,150,147.41,1.457892157,1,P,0.85,1,27,20,24.5,27.5,21,34,0.855555556,22.5,0.432692308,35.5,0.622807018,35.5,0.403409091,0.620073636,0.460797047,0.620073636,C+,C+,
1,student334,56,58,91.52,1.00745098,1,P,0.85,1,26.25,25,27,29.5,27,23.5,0.879166667,22,0.423076923,26,0.456140351,34.5,0.392045455,0.592015167,0.413997693,0.592015167,C,C,
1,student335,,146,160.46,1.502254902,1,P,1,1,30,29.5,26.5,28.5,30,28,0.958333333,42,0.807692308,37,0.649122807,66.5,0.755681818,0.828844237,0.743093698,0.828844237,A-,A-,
1,student336,,125,159.29,1.393578431,1,P,0.694444444,1,22.5,8,18,23,17,13,0.563888889,39.5,0.759615385,39,0.684210526,46.5,0.528409091,0.677350402,0.617718567,0.677350402,B,B,
1,student337,,117,136.2,1.241176471,1,P,0.85,1,27.5,28.5,29,24.5,25,30,0.913888889,29,0.557692308,36,0.631578947,45,0.511363636,0.68375685,0.549796863,0.68375685,B,B,
