CRN,Student,hand,online,MP,MP&LC%,renorm,lab (P/F/x),lab % (0-1),rec. %,hw1,hw2,hw3,hw4,hw5,hw6,hw7,hw8,HW%,M1,M1%,M2,M2%,F,F%,,,,pre-lab,w/ lab,last attendence
30496,student001,,127,165.61,1.346365031,1,P,0.911111111,1,28,26,30,27,26,30,29.5,33,0.95625,18.5,0.385416667,33.5,0.587719298,30.5,0.4765625,0.649503381,0.481180415,0.649503381,B-,B-,
30497,student002,,157,165.59,1.484309816,1,P,0.888888889,1,30,28.5,29.5,19,30,25.5,25,26,0.889583333,21.5,0.447916667,28.5,0.5,33,0.515625,0.650503472,0.496394231,0.650503472,B-,B-,
30496,student003,,108,135.12,1.118650307,1, P,0.805555556,1,28,25,24.5,25,27,28,22,29,0.86875,17,0.354166667,18.5,0.324561404,20.5,0.3203125,0.531349141,0.329105516,0.531349141,C,C,
30496,student004,,79,49.79,0.592592025,0.592592025, P,0.944444444,1,26.5,17.5,27,27,24,30,22.5,21,0.814583333,32.5,0.677083333,40.5,0.710526316,35.5,0.5546875,0.687444053,0.618895496,0.687444053,B,B,
30497,student005,,139,163.83,1.393389571,1,P,0.922222222,1,27,25,30,30,29,30,23.5,29,0.93125,32.5,0.677083333,38.5,0.675438596,44.5,0.6953125,0.781584887,0.686519484,0.781584887,B+,B+,
30496,student006,,146,165.58,1.433650307,1,P,0.877777778,1,28,29.5,28,30,28,30,24.5,30,0.95,30,0.625,47.5,0.833333333,52.5,0.8203125,0.838637153,0.778245192,0.838637153,A-,A-,
35945,student007,,143,91.25,1.077837423,1,P,0.933333333,1,21,26.5,29,30,29,27,26,30,0.910416667,30.5,0.635416667,32.5,0.570175439,37,0.578125,0.717557566,0.58951164,0.717557566,B,B,
30496,student008,,118,107.14,1.035920245,1, P,0.638888889,1,17,27.5,27.5,26,27,23.5,22.5,0,0.7125,42,0.875,48,0.842105263,54.5,0.8515625,0.840751553,0.854788715,0.854788715,A,A,
30496,student009,,155,175.19,1.519279141,1,P,0.933333333,1,27,28.5,26.5,24,25,30,24.5,28,0.889583333,30,0.625,38,0.666666667,33.5,0.5234375,0.709244792,0.579927885,0.709244792,B,B,
35945,student011,182,,5.73,0.863788344,0.863788344,P,0.8,1,0,0,22.5,28,0,30,24,30,0.560416667,26.5,0.552083333,41,0.719298246,42.5,0.6640625,0.695549613,0.650967864,0.695549613,B,B,
30496,student012,,68,37.45,0.485199387,0.485199387,F,0.211111111,1,0,27.5,28,30,30,30,22.5,28,0.816666667,30.5,0.635416667,30,0.526315789,44.5,0.6953125,0.61891696,0.642491144,0.642491144,C+,I/F,03/22/2017
30496,student014,33,48,39.17,0.552929448,0.552929448,P,0.811111111,1,28,19,26,22,19.5,0,15.5,21,0.629166667,32,0.666666667,43.5,0.763157895,52.5,0.8203125,0.750903782,0.771666245,0.771666245,B+,B+,
30497,student015,,136,108.59,1.12541411,1,P,0.755555556,1,25,25,28,30,30,30,22,29,0.9125,27,0.5625,27,0.473684211,30,0.46875,0.636295687,0.491523279,0.636295687,C+,C+,
30496,student016,,137,141.94,1.283466258,1, P,0.888888889,1,29,30,27.5,30,24,26.5,24,28,0.9125,44,0.916666667,47,0.824561404,57,0.890625,0.903041849,0.88138917,0.903041849,A,A,
35945,student017,,148,154.97,1.394033742,1,P,0.95,1,28,27.5,28,30,24,30,24,28,0.914583333,43.5,0.90625,44,0.771929825,58.5,0.9140625,0.908107182,0.879459767,0.908107182,A,A,
35945,student018,,69,12.07,0.373021472,0.373021472,P,0.783333333,1,26,25.5,28,18,28,11.5,24,30,0.795833333,24,0.5,46.5,0.815789474,37,0.578125,0.644930985,0.614941802,0.644930985,C+,C+,
35945,student020,,120,130.49,1.15256135,1,P,0.833333333,1,22,0,29.5,22,26,27,24,27,0.845238095,35.5,0.739583333,48.5,0.850877193,33.5,0.5234375,0.739629347,0.648880314,0.739629347,B,B,
35945,student021,,90,97.47,0.862592025,0.862592025,P,0.955555556,1,30,29,27.5,23,25,28,23.5,30,0.9,41.5,0.864583333,44,0.771929825,47.5,0.7421875,0.827057357,0.777296306,0.827057357,A-,A-,
30497,student022,,5,68.59,0.338604294,0.338604294, P,1,0,0,0,0,0,18,0,24.5,29,0.297916667,24,0.5,28.5,0.5,37.5,0.5859375,0.518730221,0.546274038,0.546274038,C,C,
30496,student023,,66,25.29,0.420046012,0.420046012,F,0.472222222,0.666666667,25,24.5,21,0,22,0,0,0,0.385416667,19,0.395833333,13,0.228070175,0,0,0.25468735,0.143977733,0.25468735,F,F,02/22/2017
30497,student024,,131,165.67,1.365046012,1, P,0.944444444,1,28,29.5,28,27,28,26,25.5,31,0.929166667,28.5,0.59375,25,0.438596491,20.5,0.3203125,0.60432246,0.410709767,0.60432246,C,C,
30496,student025,,107,43.14,0.690828221,0.690828221,P,0.833333333,1,26,15.5,25.5,0,23.5,15,22,20,0.614583333,25.5,0.53125,46.5,0.815789474,50,0.78125,0.73936791,0.73152834,0.73936791,B,B,
30497,student026,,153,124.44,1.276564417,1,P,0.944444444,1,30,29.5,28,28,26,30.5,23,29,0.933333333,22,0.458333333,38,0.666666667,43.5,0.6796875,0.744418403,0.625600962,0.744418403,B,B,
30497,student027,,115,117.83,1.071303681,1, P,0.972222222,1,28,26,30,26,29,26.5,25,30,0.91875,29.5,0.614583333,27.5,0.48245614,30,0.46875,0.667715643,0.505566802,0.667715643,B-,B-,
35945,student030,,145,174.13,1.468389571,1, P,0.972222222,1,23,28.5,31.5,33,33,30,28,33,1,33,0.6875,38,0.666666667,42.5,0.6640625,0.782769097,0.670072115,0.782769097,B+,B+,
35945,student033,,137,146.1,1.302607362,1,P,0.911111111,1,29,26.5,28.5,25,27,27,23.5,30,0.902083333,30,0.625,40.5,0.710526316,44.5,0.6953125,0.775007767,0.682597419,0.775007767,B+,B+,
35945,student034,,146,22.89,0.777101227,0.777101227,P,0.822222222,1,29,26.5,27,26,26,23.5,24.5,26,0.86875,29.5,0.614583333,36,0.631578947,28,0.4375,0.636856687,0.523152834,0.636856687,C+,C+,
30496,student035,,82,120.64,0.932392638,0.932392638,P,0.888888889,0.666666667,18.5,25,22.5,0,28,25.5,23.5,27,0.708333333,28.5,0.59375,35.5,0.622807018,35,0.546875,0.660184622,0.575215081,0.660184622,B-,B-,
30496,student037,,123,132.58,1.175981595,1, P,0.972222222,1,27,28.5,29.5,30,33,33,30,33,1.016666667,29.5,0.614583333,38,0.666666667,48,0.75,0.803576389,0.699519231,0.803576389,A-,A-,
30496,student038,,124,168.93,1.347837423,1,P,0.933333333,1,29,28.5,31,30,29,26.5,25,30,0.954166667,43,0.895833333,46,0.807017544,49.5,0.7734375,0.864880757,0.809431933,0.864880757,A,A,
35945,student039,,106,69.54,0.807699387,0.807699387,P,0.905555556,1,26,23,25.5,28,0,25,22,30,0.747916667,32,0.666666667,25.5,0.447368421,30,0.46875,0.627284924,0.509488866,0.627284924,C+,C+,
30496,student040,,159,162.83,1.480812883,1,P,0.988888889,1,25,26.5,28.5,30.5,28,32,22.5,33,0.941666667,32,0.666666667,47.5,0.833333333,50.5,0.7890625,0.844227431,0.771033654,0.844227431,A-,A-,
30496,student041,,125,36.73,0.744156442,0.744156442,P,0.972222222,1,29,24,28.5,28,25,30,23,29,0.902083333,16.5,0.34375,29,0.50877193,19.5,0.3046875,0.546365114,0.36079833,0.546365114,C,C,
30497,student042,,50,,0.23006135,0.23006135,P,0.377777778,0.166666667,0,24,0,22,0,0,0,0,0.191666667,25,0.520833333,32.5,0.570175439,30,0.46875,0.415997729,0.504175101,0.504175101,C,C,
30496,student043,,155,164.34,1.469355828,1,P,0.872222222,1,23.5,25,27.5,23,28.5,28,23,27,0.85625,24,0.5,23,0.403508772,25,0.390625,0.595092288,0.418838563,0.595092288,C,C,
30497,student044,,135,67.26,0.930644172,0.930644172,P,0.844444444,0.833333333,21,22,29,19,25,29.5,21,30,0.81875,18.5,0.385416667,22,0.385964912,29.5,0.4609375,0.57808589,0.426208249,0.57808589,C,C,
30496,student047,,129,164.22,1.349171779,1, P,0.972222222,1,29,29,29.5,27.5,30,25.5,26,30,0.94375,42.5,0.885416667,54,0.947368421,62,0.96875,0.955577485,0.94458502,0.955577485,A,A,
35945,student049,,147,173.28,1.473680982,1,P,0.966666667,1,28,29,30,30,30,27,25.5,30,0.95625,32.5,0.677083333,35.5,0.622807018,44,0.6875,0.777900219,0.670167004,0.777900219,B+,B+,
30497,student052,,153,137.69,1.337530675,1, P,0.944444444,1,28,29,25.5,18,26,26.5,21,28,0.841666667,38,0.791666667,44.5,0.780701754,53,0.828125,0.854310124,0.808767713,0.854310124,A,A,
30497,student054,,120,176.31,1.363389571,1,P,0.905555556,1,30,29.5,28.5,30,30,29,26,33,0.983333333,33,0.6875,35.5,0.622807018,44,0.6875,0.776059942,0.67257085,0.776059942,B+,B+,
30497,student055,,142,150.23,1.344616564,1,P,0.944444444,1,23,25.5,28.5,30,24,0,20,29,0.75,36.5,0.760416667,47.5,0.833333333,42,0.65625,0.788194444,0.721153846,0.788194444,B+,B+,
30497,student056,,137,142.32,1.285214724,1,P,0.955555556,1,29,27,25.5,30,25,30,24.5,30,0.920833333,40.5,0.84375,40.5,0.710526316,46,0.71875,0.822342836,0.745698381,0.822342836,A-,A-,
30496,student057,,88,141.96,1.05809816,1, P,0.888888889,1,30,30,29.5,30,26,28,24.5,24,0.925,31.5,0.65625,43.5,0.763157895,44,0.6875,0.784925073,0.697747976,0.784925073,B+,B+,
35945,student058,,96,163.32,1.193190184,1,P,0.861111111,0.666666667,30,28.5,28,30,30,30,22,30,0.952083333,33,0.6875,39,0.684210526,41,0.640625,0.744628107,0.661500506,0.744628107,B,B,
35945,student059,,148,146.9,1.35690184,1,P,0.927777778,1,21.5,24.5,27.5,19,28,27.5,22.5,28,0.827083333,44,0.916666667,46,0.807017544,51.5,0.8046875,0.865679368,0.831066549,0.865679368,A,A,
35945,student060,,121,103.56,1.033251534,1,P,0.922222222,0.666666667,28,30,28.5,25,24,27.5,27,30,0.916666667,41,0.854166667,41.5,0.728070175,56.5,0.8828125,0.863542124,0.840492156,0.863542124,A,A,
30497,student062,,149,103.93,1.163788344,1, P,0.944444444,1,28,28.5,27.5,27,24,26.5,23.5,26,0.879166667,41.5,0.864583333,47.5,0.833333333,52,0.8125,0.871423611,0.829326923,0.871423611,A,A,
30496,student063,,120,98.5,1.005368098,1,P,0.811111111,1,22,22,22,24,0,30,26,23,0.704166667,29.5,0.614583333,37.5,0.657894737,42,0.65625,0.722086988,0.64701417,0.722086988,B,B,
30497,student064,100,,77.97,0.818880368,0.818880368, P,0.638888889,0.833333333,27,27.5,27,30,24,24,20,0,0.747916667,45,0.9375,38.5,0.675438596,41.5,0.6484375,0.731129174,0.721375253,0.731129174,B,B,
30497,student065,,93,107.39,0.922039877,0.922039877,P,0.733333333,0.833333333,20,24.5,28,22,23,30,23,0,0.710416667,32.5,0.677083333,40.5,0.710526316,47.5,0.7421875,0.746152727,0.719857034,0.746152727,B,B,
30497,student067,,140,142.44,1.299570552,1,P,0.938888889,1,22,24.5,27,28,22.5,23,23.5,33,0.847916667,32,0.666666667,39,0.684210526,40.5,0.6328125,0.75279651,0.652486083,0.75279651,B,B,
35945,student068,108,12,36.96,0.722208589,0.722208589,P,0.816666667,0.166666667,25,22,0,0,27.5,19,25.5,20,0.579166667,24.5,0.510416667,45.5,0.798245614,30,0.46875,0.580499368,0.554402834,0.580499368,C,C,
30497,student069,,,22.14,0.101871166,0.101871166,P,0.411111111,0.5,0,0,0,0,0,0,0,0,0,16.5,0.34375,21.5,0.377192982,19.5,0.3046875,0.2910803,0.330433957,0.330433957,F,F,03/22/2017
30497,student070,,142,142.62,1.309601227,1,P,0.911111111,1,27,29,27.5,22,24,26,24,30,0.872916667,32.5,0.677083333,33.5,0.587719298,34.5,0.5390625,0.706795048,0.582141953,0.706795048,B,B,
35945,student071,,149,160.67,1.424861963,1,P,0.955555556,1,30,27,28.5,30,30,28.5,25.5,30,0.95625,33,0.6875,42,0.736842105,44,0.6875,0.795456871,0.69888664,0.795456871,A-,A-,
35945,student072,,148,124.13,1.252131902,1,P,0.933333333,1,30,30,28.5,30,27,28,22.5,30,0.941666667,24,0.5,28,0.49122807,30,0.46875,0.650246711,0.481148785,0.650246711,B-,B-,
30497,student073,,149,74.38,1.027822086,1,P,0.861111111,1,20,18.5,25,0,16,17.5,19,29,0.604166667,34,0.708333333,44.5,0.780701754,38.5,0.6015625,0.730429916,0.667541751,0.730429916,B,B,
30496,student077,,89,96.99,0.855782209,0.855782209,P,0.877777778,0.833333333,27,21,23.5,16,21.5,23.5,21.5,21,0.729166667,31.5,0.65625,36,0.631578947,37.5,0.5859375,0.686191799,0.612696103,0.686191799,B,B,
35945,student078,,91,78.77,0.781150307,0.781150307, P,0.777777778,1,0,28,27,0,0,0,0,0,0.229166667,29.5,0.614583333,37.5,0.657894737,43.5,0.6796875,0.657571811,0.659634362,0.659634362,B-,B-,
30497,student079,,133,118.6,1.157668712,1,P,0.866666667,1,30,28,19,30,29,0,21,23,0.75,20.5,0.427083333,32,0.561403509,31.5,0.4921875,0.632205318,0.493136387,0.632205318,C+,C+,
30497,student080,,133,157.12,1.334907975,1,P,0.911111111,1,21,28,30,21,24.5,27.5,22.5,29,0.847916667,35,0.729166667,43,0.754385965,45,0.703125,0.794529423,0.720964069,0.794529423,B+,B+,
35945,student081,,130,162.18,1.344386503,1, P,0.972222222,0.833333333,14,0,0,30,0,28.5,22.5,0,0.395833333,22,0.458333333,40.5,0.710526316,35.5,0.5546875,0.647941795,0.568414727,0.647941795,B-,B-,
35945,student082,,131,150.53,1.295383436,1,P,0.95,1,26,26.5,28,30,30,30,27.5,30,0.95,21,0.4375,32.5,0.570175439,43.5,0.6796875,0.729041941,0.598526063,0.729041941,B,B,
30497,student083,,154,163.41,1.46047546,1,P,0.922222222,1,28,29,29.5,33,30,26.5,20.5,0,0.81875,39,0.8125,44.5,0.780701754,48,0.75,0.825577485,0.771508097,0.825577485,A-,A-,
30497,student086,,30,26.28,0.258957055,0.258957055,P,0.9,1,28,20.5,26,0,26.5,27.5,13,30,0.816666667,19.5,0.40625,30.5,0.535087719,28.5,0.4453125,0.544622405,0.457015435,0.544622405,C,C,
30496,student087,,154,154.98,1.421687117,1,P,0.927777778,1,26,29.5,26,22,29,30,23,30,0.897916667,25.1,0.522916667,36,0.631578947,39.5,0.6171875,0.721759412,0.598753796,0.721759412,B,B,
30496,student088,,154,175.96,1.518220859,1,P,0.922222222,1,28,23,30,30,30,30,25,30,0.941666667,38,0.791666667,40.5,0.710526316,50.5,0.7890625,0.837889711,0.771539727,0.837889711,A-,A-,
30496,student089,,127,156.37,1.303849693,1,P,0.811111111,1,28,30,27.5,30,30,29,23.5,30,0.95,37.5,0.78125,39.5,0.692982456,44,0.6875,0.78787098,0.710399798,0.78787098,B+,B+,
30496,student094,80,71,73.62,1.033527607,1, P,0.555555556,1,0,0,20,26,21.5,30,24.5,28,0.625,23.5,0.489583333,44,0.771929825,44,0.6875,0.697907529,0.661310729,0.697907529,B,B,
30497,student096,,123,96.11,1.008174847,1,P,0.861111111,1,27,27.5,26.5,30,26,30,21.5,30,0.910416667,29.5,0.614583333,35.5,0.622807018,39,0.609375,0.72604258,0.613676619,0.72604258,B,B,
30497,student099,,148,134.86,1.301503067,1, P,0.972222222,1,28,28,28.5,30,30,31,24,30,0.95625,36.5,0.760416667,46,0.807017544,50.5,0.7890625,0.854134229,0.786595395,0.854134229,A,A,
30497,student101,,124,134.27,1.188358896,1, P,0.888888889,1,23,26.5,27,21,25,27.5,23,29,0.841666667,42.5,0.885416667,38.5,0.675438596,54,0.84375,0.852496345,0.814524291,0.852496345,A,A,
30497,student103,,151,135.66,1.31898773,1,P,0.805555556,1,28,29,26.5,30,30,26.5,24,28,0.925,32,0.666666667,38,0.666666667,36,0.5625,0.719930556,0.610576923,0.719930556,B,B,
30496,student105,,124,151.1,1.265797546,1,P,0.888888889,1,30,27,28.5,29.5,30,0,24,29,0.825,37.5,0.78125,40.5,0.710526316,40.5,0.6328125,0.766639711,0.685001265,0.766639711,B+,B+,
30496,student106,,156,174.73,1.521763804,1,P,0.911111111,1,30,30,29.5,30,28,30,26,29,0.96875,37.5,0.78125,39.5,0.692982456,50,0.78125,0.83255848,0.760880567,0.83255848,A-,A-,
30497,student107,,81,153.87,1.080690184,1,P,0.827777778,1,26,24,29,30,26,30,25,30,0.916666667,34.5,0.71875,36.5,0.640350877,40,0.625,0.747059576,0.650177126,0.747059576,B,B,
30497,student108,,139,167.24,1.409079755,1, P,1,1,29,28,30.5,30,31,28.5,28,27,0.966666667,44.5,0.927083333,38.5,0.675438596,59,0.921875,0.909701206,0.866206984,0.909701206,A,A,
30496,student109,,158,163.46,1.479110429,1,P,0.822222222,1,30,29.5,25.5,27,30,31,26,33,0.966666667,28.5,0.59375,37.5,0.657894737,38,0.59375,0.724448099,0.608552632,0.724448099,B,B,
30497,student110,,142,156.39,1.372960123,1,P,0.955555556,1,27,29.5,28.5,30,33,30,26, ,0.85,38,0.791666667,41,0.719298246,46,0.71875,0.808762792,0.735703441,0.808762792,A-,A-,
30497,student111,,128,149.12,1.275092025,1,P,0.855555556,1,30,29,27.5,30,25,30,20,30,0.922916667,38.5,0.802083333,41.5,0.728070175,46.5,0.7265625,0.811667124,0.74433831,0.811667124,A-,A-,
35945,student112,,111,149.33,1.197837423,1, P,0.916666667,1,27,22,24.5,30,32,33,25,33,0.94375,28.5,0.59375,28,0.49122807,30.5,0.4765625,0.665585252,0.506990132,0.665585252,B-,B-,
30496,student114,,83,12.92,0.441349693,0.441349693, P,0.472222222,1,0,0,0,0,0,0,0,0,0,29,0.604166667,30,0.526315789,24,0.375,0.44217956,0.462803644,0.462803644,D,D,
30496,student115,,107,116.21,1.027039877,1,P,0.927777778,1,23,28.5,28,25,0,27.5,23,25,0.75,27.5,0.572916667,36.5,0.640350877,35.5,0.5546875,0.693908534,0.578662702,0.693908534,B,B,
35945,student116,,156,0,0.717791411,0.717791411, P,0.722222222,1,21,0,28,16,0,27,0,24,0.483333333,33.5,0.697916667,25.5,0.447368421,39,0.609375,0.62740871,0.592421559,0.62740871,C+,C+,
35945,student117,,7,21.71,0.132101227,0.132101227,F,0.533333333,0.333333333,0,22,0,0,26,0,0,0,0.2,23,0.479166667,25.5,0.447368421,0,0,0.242190386,0.213815789,0.242190386,F,F,02/22/2017
30497,student119,123,,121.33,1.124217791,1,P,0.872222222,1,27,27,28,27,30,26.5,21.5,30,0.904166667,42.5,0.885416667,41.5,0.728070175,44.5,0.6953125,0.81302129,0.746742156,0.81302129,A-,A-,
30496,student121,,131,67.18,0.911871166,0.911871166,P,0.838888889,1,21,26,28.5,29,29,13,20.5,28,0.8125,19.5,0.40625,29.5,0.51754386,32.5,0.5078125,0.622629459,0.486620698,0.622629459,C+,C+,
30497,student122,,,8.81,0.04053681,0.04053681,P,0.022222222,0.333333333,0,0,0,0,0,0,0,0,0,33,0.6875,18.5,0.324561404,0,0,0.17475178,0.233552632,0.233552632,F,F,02/22/2017
30496,student123,,129,134.23,1.211180982,1,P,0.905555556,1,30,30,28,30,26,26.5,25,26,0.922916667,44.5,0.927083333,49.5,0.868421053,51.5,0.8046875,0.883813505,0.847640435,0.883813505,A,A,
35945,student124,,85,67.77,0.702929448,0.702929448,P,0.744444444,1,24,27.5,25,31,29.5,25,23,0,0.770833333,27.5,0.572916667,37,0.649122807,33,0.515625,0.635595394,0.55965334,0.635595394,C+,C+,
30497,student125,,154,88.37,1.115199387,1,P,0.933333333,1,29,30,29.5,26,28,29.5,28.5,24,0.935416667,37,0.770833333,38.5,0.675438596,35,0.546875,0.745222039,0.628226215,0.745222039,B,B,
30497,student126,,156,164.84,1.476257669,1,P,0.961111111,1,28,28,29,26,30,30,21.5,30,0.927083333,31.5,0.65625,47,0.824561404,51.5,0.8046875,0.84258178,0.775018978,0.84258178,A-,A-,
30497,student129,,121,130.22,1.155920245,1,P,0.838888889,1,24,27,25,16,25.5,25.5,24.5,29,0.81875,31,0.645833333,31,0.543859649,35,0.546875,0.685624086,0.569015688,0.685624086,B,B,
30497,student130,,152,159.73,1.434340491,1,P,0.933333333,1,30,29,28,30,30,30,27,30,0.975,38,0.791666667,44.5,0.780701754,41.5,0.6484375,0.803641721,0.712012905,0.803641721,A-,A-,
30496,student131,,105,155.29,1.197653374,1,P,0.905555556,1,28,27,22.5,27,25.5,30,17.5,30,0.864583333,25.5,0.53125,32,0.561403509,30.5,0.4765625,0.65770879,0.508761387,0.65770879,B-,B-,
30497,student132,,151,151.28,1.390858896,1, P,0.972222222,1,30,29,29,33,30,29.5,25,30,0.98125,37.5,0.78125,53.5,0.938596491,50,0.78125,0.876761696,0.817560729,0.876761696,A,A,
30496,student134,,158,156.99,1.449340491,1,P,0.955555556,1,22,28,27,25.5,30,29,23.5,30,0.895833333,27.5,0.572916667,28,0.49122807,33,0.515625,0.675229349,0.523216093,0.675229349,B,B,
30497,student135,,86,155.3,1.110276074,1,P,0.888888889,0.833333333,27,27.5,26.5,23,0,24.5,0,30,0.660416667,26.5,0.552083333,41.5,0.728070175,48,0.75,0.751120249,0.699266194,0.751120249,B,B,
35945,student136,,116,117.03,1.072223926,1, P,0.916666667,1,27.5,25,27.5,27,29,28.5,21,30,0.897916667,25.5,0.53125,33,0.578947368,36,0.5625,0.694862939,0.559084008,0.694862939,B,B,
30497,student137,,96,130.76,1.043374233,1,P,0.911111111,1,22,30,29.5,30,27,29.5,26,0,0.808333333,30,0.625,41,0.719298246,24,0.375,0.654839181,0.512145749,0.654839181,B-,B-,
30497,student138,,138,61.44,0.917668712,0.917668712,P,0.8,1,29,26.5,28,29,26,27,23.5,26,0.895833333,30,0.625,32,0.561403509,34.5,0.5390625,0.677982606,0.564049848,0.677982606,B,B,
30497,student140,,145,131.7,1.273159509,1,P,0.866666667,1,24,28,26.5,16,25,22,25,26,0.802083333,31.5,0.65625,29,0.50877193,39.5,0.6171875,0.707643914,0.601182945,0.707643914,B,B,
30496,student141,,157,146.82,1.397944785,1,P,0.866666667,1,24,23.5,25,17,21.5,24.5,20.5,25,0.754166667,30,0.625,31,0.543859649,36.5,0.5703125,0.687021656,0.576828188,0.687021656,B,B,
35945,student142,,142,134.76,1.273435583,1,P,0.861111111,1,24,27.5,25.5,28,30,25.5,20,29,0.872916667,28.5,0.59375,36.5,0.640350877,47.5,0.7421875,0.768283534,0.684431933,0.768283534,B+,B+,
30497,student144,,102,84.97,0.860291411,0.860291411, P,0.861111111,1,27,28.5,24.5,0,30,27,23.5,30,0.79375,30,0.625,30.5,0.535087719,40,0.625,0.69427841,0.604251012,0.69427841,B,B,
35945,student145,,129,164.77,1.351702454,1,P,0.883333333,1,27,23,26,24,25,27,24,30,0.858333333,33.5,0.697916667,43,0.754385965,43.5,0.6796875,0.779902686,0.701132338,0.779902686,B+,B+,
30496,student146,,99,78.81,0.818144172,0.818144172, P,0.916666667,1,28,29.5,26.5,24,30,23,19.5,26,0.860416667,40,0.833333333,49,0.859649123,46,0.71875,0.815032619,0.77770749,0.815032619,A-,A-,
30497,student147,,153,142.39,1.359156442,1,P,0.916666667,1,30,29,26,30,29,27,24.5,29,0.935416667,36.5,0.760416667,53.5,0.938596491,48.5,0.7578125,0.855294682,0.800132844,0.855294682,A,A,
30496,student148,,146,117.03,1.210260736,1,P,0.9,1,28,29,22.5,16,17.5,25.5,20,27,0.772916667,34.5,0.71875,38,0.666666667,44.5,0.6953125,0.768463542,0.694110577,0.768463542,B+,B+,
30497,student149,,150,130.2,1.289263804,1,P,0.705555556,1,30,29,28.5,30,26,27.5,0,30,0.8375,42.5,0.885416667,40,0.701754386,42,0.65625,0.772068713,0.719635628,0.772068713,B+,B+,
35945,student151,,56,43,0.455521472,0.455521472,F,0.1,0.333333333,0,0,0,0,0,0,0,0,0,27.5,0.572916667,18.5,0.324561404,0,0,0.206840524,0.207110324,0.207110324,F,F,02/22/2017
30496,student152,,39,124.06,0.750276074,0.750276074, P,0.888888889,1,24,26.5,29.5,22,23.5,26,21.5,28,0.8375,22,0.458333333,29.5,0.51754386,31,0.484375,0.613579325,0.486019737,0.613579325,C,C,
30497,student154,,152,97.25,1.146855828,1,P,0.966666667,1,30,29,29,26,30,27.5,25,29,0.939583333,41.5,0.864583333,37.5,0.657894737,55,0.859375,0.869777961,0.814081478,0.869777961,A,A,
30496,student155,,152,124.17,1.270720859,1, P,0.944444444,1,30,30,28.5,29,29,23.5,24,28,0.925,43,0.895833333,49.5,0.868421053,52.5,0.8203125,0.888691977,0.848842358,0.888691977,A,A,
30497,student156,,138,162.46,1.382484663,1,P,0.944444444,1,30,28,27,30,30,30,25,30,0.958333333,32,0.666666667,38.5,0.675438596,33,0.515625,0.722062317,0.58736083,0.722062317,B,B,
35945,student157,,118,163.65,1.295935583,1,F,0.916666667,1,26,0,29,29,26,23.5,25.5,30,0.7875,39.5,0.822916667,45,0.789473684,58,0.90625,0.879462719,0.86007085,0.879462719,A,I/F,03/22/2017
30497,student158,,83,134.71,1.001733129,1, P,0.944444444,1,26,30,26,23,16,26.5,21.5,0,0.704166667,41,0.854166667,41.5,0.728070175,37,0.578125,0.754540387,0.676429656,0.754540387,B,B,
30497,student159,,154,143.25,1.367714724,1,P,0.761111111,1,27,26,29,21,30,27,22.5,30,0.885416667,47,0.979166667,47.5,0.833333333,52,0.8125,0.870902778,0.855769231,0.870902778,A,A,
30497,student160,,130,144.32,1.262208589,1,P,0.95,1,23,29.5,27.5,30,30,28,21.5,30,0.914583333,44,0.916666667,49.5,0.868421053,54,0.84375,0.899533991,0.866270243,0.899533991,A,A,
30496,student162,,,0,0,0,P,0.433333333,0.833333333,0,0,0,0,0,0,0,0,0,28,0.583333333,32,0.561403509,35,0.546875,0.448116776,0.558641194,0.558641194,C,C,
30496,student164,,79,47.46,0.581871166,0.581871166, P,0.861111111,1,25,0,26,25,26,28.5,25,30,0.772916667,23.5,0.489583333,25,0.438596491,34,0.53125,0.596754368,0.500253036,0.596754368,C,C,
30497,student166,,113,164.59,1.277254601,1,P,0.888888889,1,27,29,28,29,26,29,22,20,0.875,38.5,0.802083333,39.5,0.692982456,43.1,0.6734375,0.786351882,0.707635374,0.786351882,B+,B+,
30497,student167,,87,4.36,0.420368098,0.420368098,P,0.905555556,0,28,13,0,27,16,28.5,22,26,0.66875,23,0.479166667,31.5,0.552631579,42.5,0.6640625,0.586658977,0.595679403,0.595679403,C,C,
35945,student168,,118,138.8,1.181595092,1,P,0.911111111,1,30,28.5,0,0,27.5,27,24.5,28,0.689583333,39,0.8125,36.5,0.640350877,50.5,0.7890625,0.804168951,0.760153087,0.804168951,A-,A-,
35945,student169,,148,133.63,1.295843558,1,P,0.861111111,1,25,28,30.5,16,28,26.5,22,31,0.8625,23.5,0.489583333,35,0.614035088,37,0.578125,0.690247624,0.565979251,0.690247624,B,B,
30496,student170,,110,134.81,1.12642638,1, P,0.888888889,0.833333333,28,27.5,25.5,23,26,28,26,27,0.879166667,30.5,0.635416667,34,0.596491228,45.5,0.7109375,0.752086531,0.667098937,0.752086531,B,B,
30496,student171,162,29,98.57,1.332377301,1,P,0.966666667,1,24.5,25,28,30,29,0,25.5,30,0.8,26,0.541666667,35.5,0.622807018,23.5,0.3671875,0.629853344,0.466441043,0.629853344,C+,C+,
30497,student174,,117,116.38,1.073834356,1,P,0.85,0.833333333,26,29,30.5,32.5,33,30,28,33,1.008333333,37.5,0.78125,36,0.631578947,38.5,0.6015625,0.749971217,0.649955719,0.749971217,B,B,
30496,student176,,101,94.91,0.90142638,0.90142638,P,0.866666667,0.833333333,26,29,21.5,30,24,22.5,23,27,0.845833333,34.5,0.71875,43,0.754385965,46.5,0.7265625,0.778326574,0.731180415,0.778326574,B+,B+,
30497,student180,,102,66.48,0.775214724,0.775214724,P,0.811111111,1,24,0,27.5,25,28,0,19.5,30,0.641666667,30.5,0.635416667,32.5,0.570175439,31.5,0.4921875,0.625903691,0.543237601,0.625903691,C+,C+,
30496,student181,,135,142.65,1.277530675,1,P,0.877777778,1,30,30,27.5,30,28,25.5,22.5,30,0.93125,32,0.666666667,40.5,0.710526316,51,0.796875,0.816387975,0.746900304,0.816387975,A-,A-,
30497,student182,,156,148.16,1.399509202,1,P,0.905555556,1,27,26.5,25.5,25,30,28.5,24.5,29,0.9,33,0.6875,31,0.543859649,32,0.5,0.690259503,0.553390688,0.690259503,B,B,
30496,student183,,120,82.92,0.933680982,0.933680982,P,0.955555556,1,30,26,29,28,22.5,30.5,25.5,33,0.935416667,29.5,0.614583333,29,0.50877193,36,0.5625,0.69784361,0.562120445,0.69784361,B,B,
35945,student184,,,13.55,0.062346626,0.062346626, P,0.861111111,0,24,0,0,0,0,0,0,0,0.1,39,0.8125,38.5,0.675438596,40.5,0.6328125,0.547020938,0.684115638,0.684115638,B,B,
30497,student185,,16,7.97,0.110291411,0.110291411,F,0.288888889,0.166666667,0,0,0,0,0,0,0,0,0,33,0.6875,18.5,0.324561404,0,0,0.200060574,0.233552632,0.233552632,F,F,02/22/2017
35945,student186,,52,107.36,0.733251534,0.733251534,F,0.422222222,0.5,27.5,0,29.5,0,25,30,22.5,30,0.685416667,0,0,31,0.543859649,50,0.78125,0.56410549,0.54617915,0.56410549,C,I/F,03/22/2017
35945,student188,,18,18.43,0.167622699,0.167622699,F,0.111111111,0.5,0,0,0,0,0,0,0,0,0,34,0.708333333,21.5,0.377192982,27.5,0.4296875,0.366092953,0.481876265,0.481876265,D,I/F,03/22/2017
30496,student189,,141,162.79,1.397806748,1, P,0.888888889,1,21,20.5,27.5,26,28,29.5,22.5,30,0.854166667,22.5,0.46875,27,0.473684211,30.5,0.4765625,0.632467562,0.474095395,0.632467562,C+,C+,
30496,student190,,124,121.77,1.130843558,1, P,0.944444444,1,27,29.5,26,27,26,30,25,26,0.902083333,25.5,0.53125,33.5,0.587719298,41.5,0.6484375,0.729451298,0.607382338,0.729451298,B,B,
30497,student191,,100,124.79,1.034309816,1, P,0.777777778,1,28,22,27,0,0,26.5,20,30,0.852777778,31,0.645833333,29.5,0.51754386,39.5,0.6171875,0.70357776,0.600803391,0.70357776,B,B,
30496,student193,,129,118.79,1.140138037,1,P,0.85,1,29,29,26,26,26,29,21.5,26,0.885416667,36.5,0.760416667,41.5,0.728070175,45.5,0.7109375,0.795642818,0.726309464,0.795642818,A-,A-,
30497,student195,,123,128.67,1.157990798,1,P,0.866666667,1,30,29,28.5,28,30,30,20.5,30,0.941666667,39.5,0.822916667,45,0.789473684,40.5,0.6328125,0.794176261,0.712835273,0.794176261,B+,B+,
30497,student196,,41,117.12,0.727546012,0.727546012,P,0.838888889,0.5,23,26,28,27,26,24,22.5,0,0.735416667,35.5,0.739583333,40,0.701754386,32,0.5,0.646385815,0.601847166,0.646385815,B-,B-,
30496,student197,,119,90.21,0.962622699,0.962622699, P,0.75,1,27,27,30,24,30,28.5,21,27,0.89375,27.5,0.572916667,38,0.666666667,35.5,0.5546875,0.690715395,0.584735577,0.690715395,B,B,
30497,student198,,127,170.47,1.368726994,1,P,0.933333333,1,30,27.5,28,30,30,28.5,26.5,30,0.960416667,37,0.770833333,44.5,0.780701754,43,0.671875,0.807261513,0.719825405,0.807261513,A-,A-,
30496,student199,,159,170.26,1.515,1,P,0.916666667,1,25,30,26,30,26,30,26,30,0.929166667,22,0.458333333,29,0.50877193,30.5,0.4765625,0.646445998,0.479788715,0.646445998,B-,B-,
30496,student200,,142,102.97,1.127162577,1, P,0.805555556,1,22,24.5,26,28,26,0,20.5,24,0.7125,28.5,0.59375,28.5,0.5,41.5,0.6484375,0.692821181,0.6015625,0.692821181,B,B,
30496,student201,,147,172.23,1.468849693,1,P,0.988888889,1,30,29.5,31.5,31,33,33,27.5,30,1.022916667,40.5,0.84375,53.5,0.938596491,50,0.78125,0.891970029,0.831983806,0.891970029,A,A,
30497,student203,,101,146.03,1.136641104,1,P,0.844444444,1,23,25.5,29.5,25,32,27.5,21,27,0.877083333,18,0.375,26.5,0.464912281,25.5,0.3984375,0.587592745,0.40836918,0.587592745,C,C,
30496,student204,,,,0,0,F,0,0,0,0,0,0,0,0,0,0,0,38.5,0.802083333,13.5,0.236842105,0,0,0.155838816,0.239752024,0.239752024,F,F,02/22/2017
30496,student205,,27,106.92,0.616196319,0.616196319,P,0.733333333,0.5,17,23.5,26,23,19.5,24,17,29,0.745833333,39.5,0.822916667,43,0.754385965,52,0.8125,0.755506693,0.801492915,0.801492915,A-,A-,
30497,student206,66,49,123.37,1.096794479,1,P,0.911111111,1,30,22.5,28.5,30,29,30,25.5,30,0.939583333,27.5,0.572916667,37,0.649122807,20,0.3125,0.627750365,0.45027834,0.627750365,C+,C+,
30496,student208,,158,144.86,1.393527607,1, P,0.972222222,1,21.5,0,26.5,21,30,29,24,28,0.75,39.5,0.822916667,38.5,0.675438596,57,0.890625,0.858694262,0.825341599,0.858694262,A,A,
35945,student209,,127,136.15,1.210812883,1,P,0.838888889,1,23,23.5,29,29,27,23.5,20.5,31,0.860416667,31,0.645833333,36.5,0.640350877,29,0.453125,0.671451937,0.540802126,0.671451937,B-,B-,
30496,student211,,148,29.05,0.814647239,0.814647239,P,0.877777778,1,20.5,27,27,17,23,0,22.5,0,0.570833333,30,0.625,34.5,0.605263158,32.5,0.5078125,0.638599684,0.557344383,0.638599684,C+,C+,
35945,student214,,149,153.3,1.39095092,1, P,0.916666667,1,28,24,28,28,26.5,18.5,0,30,0.7625,38,0.791666667,50,0.877192982,47.5,0.7421875,0.828011239,0.784760881,0.828011239,A-,A-,
35945,student216,,107,161.17,1.233911043,1, P,0.944444444,1,27,29.5,25,24,25,31,24.5,29,0.895833333,25,0.520833333,32.5,0.570175439,36.5,0.5703125,0.697288469,0.558862601,0.697288469,B,B,
30496,student217,,50,74.64,0.573496933,0.573496933,P,0.927777778,1,27,21.5,27.5,30,31,27,22,21,0.8625,41,0.854166667,36,0.631578947,41,0.640625,0.733458063,0.687816296,0.733458063,B,B,
30497,student218,,120,21.24,0.649877301,0.649877301,P,0.477777778,0.833333333,21,0,0,11,0,10.5,0,0,0.177083333,17.5,0.364583333,17.5,0.307017544,13.5,0.2109375,0.346708764,0.268566549,0.346708764,F,F,03/22/2017
30496,student219,,121,122.86,1.122055215,1, P,0.916666667,1,27,28,30,27,30,27.5,21.5,25,0.9,25.5,0.53125,29,0.50877193,35,0.546875,0.679076206,0.534476215,0.679076206,B,B,
30497,student220,,92,10.81,0.473052147,0.473052147,P,0.755555556,0.833333333,0,24,28,13,26,27.5,23.5,30,0.716666667,29,0.604166667,29,0.50877193,22.5,0.3515625,0.526181768,0.446134868,0.526181768,C,C,
30496,student222,,125,54.78,0.827208589,0.827208589, P,0.805555556,1,24,23,27,24,25.5,27,24.5,30,0.854166667,25,0.520833333,25,0.438596491,32,0.5,0.617607555,0.490637652,0.617607555,C+,C+,
30496,student223,,101,113.64,0.987607362,0.987607362,P,0.772222222,1,26,18,25,22,23,20,20.5,16,0.710416667,29.5,0.614583333,39,0.684210526,24.5,0.3828125,0.625828079,0.505851468,0.625828079,C+,C+,
30497,student226,,133,160.28,1.349447853,1,P,0.927777778,1,26,28,25.5,24,28,27,21.5,29,0.870833333,33.5,0.697916667,40.5,0.710526316,40,0.625,0.759877558,0.661563765,0.759877558,B,B,
30497,student229,,98,162.27,1.19756135,1,P,0.9,1,22,28,26.5,27,29,30,25,27,0.89375,23,0.479166667,37,0.649122807,34,0.53125,0.684555921,0.546432186,0.684555921,B,B,
35945,student230,,156,165.98,1.481503067,1,P,0.933333333,1,30,26,29,30,30,27.5,24,30,0.94375,43.5,0.90625,42.5,0.745614035,53,0.828125,0.875331689,0.827112854,0.875331689,A,A,
30497,student231,,122,139.84,1.204785276,1, P,0.916666667,1,0,23,21.5,25,25,26.5,22.5,30,0.722916667,18,0.375,27,0.473684211,38,0.59375,0.649073465,0.515561741,0.649073465,B-,B-,
30497,student233,,129,72.75,0.928297546,0.928297546,P,0.7,1,12,0,0,0,0,0,0,0,0.05,36,0.75,26.5,0.464912281,32.5,0.5078125,0.577800972,0.553801872,0.577800972,C,C,
30497,student234,,140,155.72,1.360674847,1,P,0.961111111,1,22,27,26.5,30,26,26.5,26.5,30,0.89375,37.5,0.78125,30.5,0.535087719,36.5,0.5703125,0.732546144,0.610861589,0.732546144,B,B,
30496,student235,,141,153.89,1.356855828,1,P,0.933333333,1,29,27,30,30,30,28,24.5,30,0.952083333,34.5,0.71875,39,0.684210526,54.5,0.8515625,0.847032621,0.782293775,0.847032621,A,A,
35945,student236,,124,133.87,1.186518405,1, P,1,1,29,28.5,29,30,30,25,22.5,28,0.925,37,0.770833333,40.5,0.710526316,43.5,0.6796875,0.802594572,0.707837804,0.802594572,A-,A-,
30497,student237,,132,161.71,1.35142638,1,P,0.9,1,27,25.5,27,24,28,28,25,30,0.89375,19.5,0.40625,16,0.280701754,23.5,0.3671875,0.560933388,0.356243674,0.560933388,C,C,
30497,student238,,83,174.39,1.184309816,1,P,0.905555556,1,26.5,28,28,27,29,30,24.5,28,0.920833333,20.5,0.427083333,26.5,0.464912281,16.5,0.2578125,0.556672606,0.344667257,0.556672606,C,C,
30497,student239,,143,164.19,1.41345092,1,P,0.905555556,1,15,20,27,17,23.5,25.5,13,22,0.679166667,22.5,0.46875,39,0.684210526,41.5,0.6484375,0.708369426,0.615226468,0.708369426,B,B,
35945,student240,,147,118.19,1.220199387,1,P,0.905555556,1,27,29,30,30,30,26,24.5,29,0.939583333,42,0.875,41,0.719298246,29.5,0.4609375,0.734986751,0.616112095,0.734986751,B,B,
30497,student241,,8,76.66,0.389539877,0.389539877,p,0.833333333,0.833333333,24,22,28.5,24,29,29.5,20.5,30,0.864583333,27,0.5625,35,0.614035088,37,0.578125,0.629236334,0.582806174,0.629236334,C+,C+,03/22/2017
30496,student242,,126,159.11,1.311855828,1,P,0.9,1,26.5,29,28.5,30,30,29,26,30,0.954166667,25,0.520833333,41,0.719298246,28,0.4375,0.674561404,0.521761134,0.674561404,B-,B-,
30497,student244,,,0,0,0, P,0.5,0.5,0,0,0,0,0,0,0,0,0,25.5,0.53125,19.5,0.342105263,32.5,0.5078125,0.383737664,0.474981022,0.474981022,D,C,
30496,student245,,126,33.1,0.732055215,0.732055215,P,0.111111111,0.666666667,0,0,0,0,0,0,0,0,0,28,0.583333333,24.5,0.429824561,0,0,0.26962365,0.233805668,0.26962365,F,I/F,02/22/2017
30497,student246,,149,146.02,1.357453988,1, P,0.888888889,1,22,27,25,23,21.5,28.5,24,30,0.8375,24.5,0.510416667,45,0.789473684,37,0.578125,0.719966192,0.611272773,0.719966192,B,B,
30496,student250,,140,150.44,1.336380368,1,P,0.894444444,1,26.5,30,28,30,30,33,25,30,0.96875,21.5,0.447916667,31,0.543859649,22,0.34375,0.605398392,0.413967611,0.605398392,C,C,
35945,student251,,135,122.05,1.182745399,1,P,0.922222222,1,26,27.5,28,29.5,27.5,27,27,32,0.935416667,36.5,0.760416667,43.5,0.763157895,53,0.828125,0.854143823,0.797507591,0.854143823,A,A,
35945,student252,,105,135.35,1.105904908,1,P,0.733333333,0.833333333,27,28,27,26,25,30,25,26,0.891666667,33.5,0.697916667,42,0.736842105,52,0.8125,0.803755482,0.768598178,0.803755482,A-,A-,
35945,student253,,133,66.62,0.918496933,0.918496933,P,0.477777778,1,29,29.5,26,0,30,29,25,26,0.926190476,30,0.625,39,0.684210526,32.5,0.5078125,0.656362473,0.575563006,0.656362473,B-,B-,
30497,student254,,124,121.32,1.128773006,1,P,0.888888889,1,27,28.5,26.5,25,26,30,24.5,29,0.902083333,38.5,0.802083333,40,0.701754386,50,0.78125,0.82811038,0.767712551,0.82811038,A-,A-,
35945,student255,,155,162.69,1.461763804,1,P,0.95,1,26,27.5,30.5,30,29,30,23,30,0.941666667,28.5,0.59375,36,0.631578947,33.5,0.5234375,0.706169134,0.56461918,0.706169134,B,B,
30497,student256,,154,167.74,1.480398773,1,P,0.888888889,1,30,25,29,17,30,26,20.5,26,0.847916667,35.5,0.739583333,37,0.649122807,38.5,0.6015625,0.742533352,0.644388917,0.742533352,B,B,
30497,student261,,134,97.13,1.063481595,1,P,0.844444444,1,26,26.5,26,19,25,26.5,25,31,0.854166667,38,0.791666667,36.5,0.640350877,43.5,0.6796875,0.772554368,0.696451164,0.772554368,B+,B+,
35945,student262,,156,104.08,1.196687117,1,P,0.911111111,1,30,27.5,30,27,28,29,25.5,30,0.945833333,32,0.666666667,46.5,0.815789474,40.5,0.6328125,0.77954724,0.682850455,0.77954724,B+,B+,
35945,student263,,116,146.58,1.208190184,1,P,0.9,1,27,24.5,27,0,25,30,22,28,0.873809524,21.5,0.447916667,19,0.333333333,14,0.21875,0.521130952,0.298076923,0.521130952,C,C,
35945,student264,,131,134.22,1.220337423,1,P,0.861111111,1,30,29.5,27,0,30,24,25,31,0.81875,31,0.645833333,36.5,0.640350877,39,0.609375,0.724194993,0.624936741,0.724194993,B,B,
30497,student265,,25,105.26,0.599355828,0.599355828,P,0.805555556,1,26,27,27,30,21.5,28.5,20,19,0.829166667,27,0.5625,31.5,0.552631579,28,0.4375,0.593802542,0.49291498,0.593802542,C,C,
30497,student266,,135,115.14,1.15095092,1,P,0.855555556,1,27,26,27,13,22,22.5,20,20,0.739583333,24,0.5,29.5,0.51754386,38,0.59375,0.669957968,0.554529352,0.669957968,B-,B-,
30497,student267,,123,110.01,1.072131902,1,P,0.838888889,1,29,29.5,26,30,30,30,26,30,0.960416667,30.5,0.635416667,37,0.649122807,29,0.453125,0.681205227,0.540422571,0.681205227,B,B,
30496,student268,,151,118.61,1.24053681,1, P,0.888888889,1,30,30,28.5,30,30,24.5,24.5,33,0.960416667,34.5,0.71875,49.5,0.868421053,47,0.734375,0.830037463,0.761702935,0.830037463,A-,A-,
30496,student270,157,,130.98,1.32506135,1, P,0.944444444,1,21,23.5,28,31,29,28.5,26.5,26,0.889583333,40,0.833333333,36.5,0.640350877,41.5,0.6484375,0.781408534,0.689239626,0.781408534,B+,B+,
30496,student271,,14,16.14,0.138680982,0.138680982,P,0.7,1,18,19,27,18,32,0,18,30,0.675,25.5,0.53125,30,0.526315789,36.5,0.5703125,0.559612342,0.55114499,0.559612342,C,C,
30497,student274,,130,169.86,1.379723926,1,P,0.966666667,1,28,29.5,28,30,24,25.5,25.5,28,0.910416667,35.5,0.739583333,46,0.807017544,46.5,0.7265625,0.82399534,0.748133856,0.82399534,A-,A-,
30497,student275,,130,117.22,1.137515337,1,P,0.8,0.641081871,28,29,27.5,25,25,27,25.5,0,0.779166667,38,0.791666667,36,0.631578947,32,0.5,0.678457602,0.597672065,0.678457602,B,B,
30497,student277,,148,171.95,1.472162577,1,P,0.933333333,1,30,29,28,0,30,0,25,30,0.955555556,35.5,0.739583333,49,0.859649123,50.5,0.7890625,0.854945632,0.793933451,0.854945632,A,A,
30496,student278,,124,156.47,1.290506135,1,P,0.788888889,1,27,24.5,28.5,24,29,30,21.5,30,0.89375,17.5,0.364583333,23.5,0.412280702,36,0.5625,0.631668494,0.482160931,0.631668494,C+,C+,
30496,student279,,157,159.49,1.456242331,1,P,0.855555556,1,29,29,28.5,30,30,28,22.5,30,0.945833333,38,0.791666667,39.5,0.692982456,49.5,0.7734375,0.823539382,0.759077682,0.823539382,A-,A-,
35945,student280,,3,82.3,0.392484663,0.392484663,P,0.944444444,0,28,19.5,24.5,0,27,25.5,23,0,0.614583333,23.5,0.489583333,26,0.456140351,31,0.484375,0.506541047,0.479061235,0.506541047,C,C,
35945,student281,,132,150.35,1.299156442,1,P,0.844444444,1,26.5,27,26.5,24,25,28,23.5,33,0.889583333,19.5,0.40625,24.5,0.429824561,24,0.375,0.580063962,0.39486336,0.580063962,C,C,
30496,student282,,59,81.38,0.645920245,0.645920245,P,0.544444444,0.833333333,14,28.5,0,19,28,26.5,0,0,0.483333333,31,0.645833333,40,0.701754386,33.5,0.5234375,0.594377752,0.592832743,0.594377752,C,C,
30496,student283,,127,104.51,1.065230061,1,P,0.611111111,0.833333333,28,23.5,23,21.5,23,22.5,21.5,30,0.804166667,36.5,0.760416667,37,0.649122807,30.5,0.4765625,0.66142224,0.581888917,0.66142224,B-,B-,
30496,student284,,82,116.48,0.913251534,0.913251534,P,0.927777778,1,27,26,28.5,28,30,24.5,23,30,0.904166667,35,0.729166667,45.5,0.798245614,41.5,0.6484375,0.780584565,0.701638411,0.780584565,B+,B+,
30497,student286,,119,109.3,1.050460123,1,P,0.966666667,1,30,29,25,30,28,27,26.5,27,0.927083333,43.5,0.90625,52,0.912280702,55,0.859375,0.912935855,0.882401316,0.912935855,A,A,
30497,student287,,145,129.97,1.265199387,1,P,0.933333333,1,27,29.5,28.5,30,28,30,24,29,0.941666667,20,0.416666667,30,0.526315789,36.5,0.5703125,0.678556743,0.524702682,0.678556743,B,B,
30497,student288,,143,138.42,1.294877301,1,P,0.811111111,1,0,0,27,30,30,27.5,22.5,30,0.927777778,38.5,0.802083333,46.5,0.815789474,52.5,0.8203125,0.853679185,0.815061994,0.853679185,A,A,
30496,student289,,139,157.25,1.363113497,1,P,0.844444444,1,29,28,25,23,30,30.5,27.5,0,0.804166667,42.5,0.885416667,49.5,0.868421053,53,0.828125,0.867780519,0.850645243,0.867780519,A,A,
35945,student290,,119,139.95,1.19148773,1,P,0.905555556,1,28,29,26,26,25,25,23,30,0.883333333,36,0.75,42,0.736842105,45,0.703125,0.798008955,0.721723178,0.798008955,A-,A-,
35945,student291,,133,116.24,1.146809816,1, P,0.972222222,1,27,26,27.5,30,26,28.5,24,27,0.9,33.5,0.697916667,30.5,0.535087719,41.5,0.6484375,0.749126005,0.633698128,0.749126005,B,B,
35945,student292,,128,156.51,1.309095092,1,P,0.905555556,0.833333333,25,27,26,30,25,26.5,21.5,30,0.879166667,31.5,0.65625,35.5,0.622807018,38.5,0.6015625,0.722544317,0.619085273,0.722544317,B,B,
30496,student293,,125,50.08,0.805582822,0.805582822,P,0.833333333,1,17,25,0,0,0,30,21,29,0.508333333,22.5,0.46875,22,0.385964912,28,0.4375,0.546057186,0.432818826,0.546057186,C,C,
35945,student294,,155,160.68,1.452515337,1,P,0.977777778,1,30,29.5,29.5,30,30,30,25,30,0.975,46,0.958333333,50,0.877192982,47,0.734375,0.877637975,0.819015688,0.877637975,A,A,
30496,student295,,124,,0.570552147,0.570552147,P,0.666666667,1,0,0,24.5,16,0,0,0,0,0.16875,26.5,0.552083333,28,0.49122807,30,0.46875,0.511156092,0.493168016,0.511156092,C,C,
30496,student296,,98,103.52,0.927239264,0.927239264,P,0.855555556,0.833333333,29,22,16.5,30,30,26,23,30,0.860416667,37.5,0.78125,45.5,0.798245614,51,0.796875,0.821818407,0.793585526,0.821818407,A-,A-,
30496,student297,,132,141.8,1.259815951,1,P,0.9,1,26,30,27.5,24,26,29.5,21,30,0.891666667,27,0.5625,33,0.578947368,31,0.484375,0.669915022,0.524228239,0.669915022,B-,B-,
30497,student298,,116,96.26,0.976656442,0.976656442,P,0.833333333,1,29,28.5,27,20,28,30,0,30,0.802083333,43,0.895833333,46.5,0.815789474,40.5,0.6328125,0.789435107,0.735735071,0.789435107,B+,B+,
35945,student300,,142,124.95,1.228297546,1,P,0.938888889,1,24,26.5,26.5,27,26,29,23.5,30,0.885416667,38,0.791666667,40,0.701754386,44,0.6875,0.797068713,0.714827935,0.797068713,A-,A-,
30497,student301,,148,152.99,1.384923313,1,P,0.905555556,1,30,28.5,29.5,30,26,29.5,25,29,0.947916667,40.5,0.84375,40.5,0.710526316,49.5,0.7734375,0.839191795,0.775145496,0.839191795,A-,A-,
35945,student302,104,,,0.478527607,0.478527607, P,0.472222222,1,17,0,0,0,0,0,0,0,0.070833333,35.5,0.739583333,31.5,0.552631579,29,0.453125,0.504584303,0.542193826,0.542193826,C,C,
35945,student303,,122,131.66,1.167147239,1,P,0.966666667,1,30,24,29.5,30,30,28.5,25.5,30,0.947916667,42,0.875,43,0.754385965,48,0.75,0.848366228,0.7798583,0.848366228,A,A,
30497,student304,,139,81.64,1.015214724,1, P,0.777777778,1,30,26.5,29.5,30,30,25.5,25.5,31,0.95,30.5,0.635416667,32.5,0.570175439,44,0.6875,0.744241594,0.64840587,0.744241594,B,B,
30497,student305,,105,69.43,0.802592025,0.802592025,P,0.772222222,1,20,26.5,26,28,30,27.5,21,30,0.870833333,39,0.8125,36.5,0.640350877,41.5,0.6484375,0.739445515,0.684431933,0.739445515,B,B,
30497,student306,,119,161.89,1.29243865,1,P,0.922222222,1,27,30,28,30,29,31,25.5,32,0.96875,40.5,0.84375,35,0.614035088,40,0.625,0.776514985,0.672950405,0.776514985,B+,B+,
30497,student310,,84,129.94,0.984386503,0.984386503,P,0.85,1,18,27.5,28,28,23,30,24,30,0.86875,38.5,0.802083333,41,0.719298246,36.5,0.5703125,0.748130262,0.658179403,0.748130262,B,B,
30496,student311,,123,122.78,1.130889571,1, P,0.861111111,1,30,30,27,30,26,28,26,27,0.933333333,33,0.6875,42,0.736842105,46.5,0.7265625,0.797392635,0.719920294,0.797392635,A-,A-,
30497,student312,,138,137.55,1.267868098,1, P,0.888888889,1,26,25,24,0,24,22.5,25,27,0.826190476,24.5,0.510416667,28.5,0.5,23,0.359375,0.598851687,0.426682692,0.598851687,C,C,
30496,student313,,62,136.83,0.914861963,0.914861963,P,0.788888889,1,24,16.5,0,29,0,27.5,23.5,29,0.622916667,17.5,0.364583333,23.5,0.412280702,28,0.4375,0.552321357,0.414853239,0.552321357,C,C,
35945,student314,,149,170.23,1.468849693,1,P,0.933333333,1,30,30,28,30,30,29.5,26,0,0.847916667,32,0.666666667,37.5,0.657894737,48.5,0.7578125,0.792043586,0.713720901,0.792043586,B+,B+,
35945,student315,,117,147.8,1.218404908,1,P,0.972222222,1,28,25.5,29,18,21,25,24,30,0.835416667,29,0.604166667,42.5,0.745614035,41.5,0.6484375,0.760184119,0.660646508,0.760184119,B,B,
30496,student316,,123,165.1,1.325613497,1, P,0.944444444,1,26,25,31.5,27,28,30,28.5,30,0.941666667,30.5,0.635416667,32,0.561403509,44,0.6875,0.758759137,0.646381579,0.758759137,B,B,
30496,student317,,143,94.72,1.093803681,1,P,0.877777778,1,26,28,29.5,25,30,26,21.5,30,0.9,43,0.895833333,39,0.684210526,39,0.609375,0.778065607,0.692750506,0.778065607,B+,B+,
35945,student319,,49,64.38,0.521687117,0.521687117,P,0.677777778,0.166666667,0,0,0,0,14.5,25,15.5,22,0.320833333,21.5,0.447916667,44,0.771929825,48.5,0.7578125,0.608574505,0.689555921,0.689555921,B,B,
30497,student320,,120,141.91,1.205107362,1, P,0.888888889,1,30,28.5,27.5,29,26,30,23.5,28,0.927083333,28.5,0.59375,43,0.754385965,39,0.609375,0.747098867,0.6392333,0.747098867,B,B,
30497,student321,,144,123.89,1.232622699,1,P,0.911111111,1,22,26,27,6,23,22.5,22.5,30,0.745833333,35,0.729166667,43.5,0.763157895,45,0.703125,0.785636879,0.72298836,0.785636879,B+,B+,
35945,student322,,99,160.37,1.193420245,1,P,0.877777778,1,19,23.5,27.5,25,29,28,21.5,26,0.83125,28,0.583333333,37.5,0.657894737,33.5,0.5234375,0.690290113,0.568288209,0.690290113,B,B,
30496,student323,,84,150.38,1.078435583,1,P,0.9,1,24,30,26.5,30,30,29,22.5,30,0.925,40,0.833333333,34.5,0.605263158,54.5,0.8515625,0.846336349,0.79051746,0.846336349,A,A,
35945,student326,,127,127.39,1.170506135,1, P,0.861111111,1,27,24.5,32.5,33,26,30,24.5,30,0.947916667,42,0.875,48,0.842105263,47,0.734375,0.845499817,0.791687753,0.845499817,A,A,
30496,student329,,128,149.99,1.279095092,1,P,0.805555556,1,24,28,28.5,18,22,27,22,26,0.814583333,30.5,0.635416667,37,0.649122807,40.5,0.6328125,0.726179185,0.637177379,0.726179185,B,B,
30496,student332,,148,143.41,1.340843558,1, P,0.833333333,1,15,21,23.5,29,25.5,20.5,20.5,26,0.754166667,34.5,0.71875,33.5,0.587719298,43,0.671875,0.739876645,0.663271761,0.739876645,B,B,
35945,student334,92,,,0.423312883,0.423312883, P,0.694444444,1,27,19.5,20,24,21,26.5,21.5,22,0.75625,18.5,0.385416667,20.5,0.359649123,24,0.375,0.480410601,0.373861336,0.480410601,D,D,
30496,student335,,157,116.12,1.256687117,1, P,0.972222222,1,30,30,28.5,28,30,26.5,25.5,26,0.935416667,37.5,0.78125,42.5,0.745614035,47,0.734375,0.826824744,0.747785931,0.826824744,A-,A-,
30496,student337,,139,149.11,1.325659509,1,P,0.905555556,1,28.5,28,28.5,27,26,26,26,27,0.904166667,21.5,0.447916667,41.5,0.728070175,39,0.609375,0.720651499,0.599506579,0.720651499,B,B,
,,,,,,,,,,,,,,,,,,,,,,,,,,,,,,
,,,,,,,,,,,,,,,,,,,,,,,,,,,,,,
,,,,,,,,,,,,,,,,,,,,,,,,,,,,,,
,,,,,,,,,,,,,,,,,,,,,,,,,,,,,,
,,,,,,,,,,,,,,,,,,,,,,,,,,,,,,
,,,,,,,,,,,,,,,,,,,,,,,,,,,,,,
,,,,,,,,,,,,,,,,,,,,,,,,,,,,,,
,,,,,,,,,,,,,,,,,,,,,,,,,,,,,,
,,,,,,,,,,,,,,,,,,,,,,,,,,,,,,
,,,,,,,,,,,,,,,,,,,,,,,,,,,,,,
,,,,,,,,,,,,,,,,,,,,,,,,,,,,,,
,,,,,,,,,,,,,,,,,,,,,,,,,,,,,,
,,,,,,,,,,,,,,,,,,,,,,,,,,,,,,
,,,,,,,,,,,,,,,,,,,,,,,,,,,,,,
,,,,,,,,,,,,,,,,,,,,,,,,,,,,,,
,,,,,,,,,,,,,,,,,,,,0.630152486,,0.613293139,,0.573084207,,,,,,
,,,,,,,,,,,,,,,,,,,,0.629604751,,0.6118626,,0.573455754,,,,,,
